{"textures":{"0":"modelengine:entity/light_warrior"},"elements":[{"from":[4.0,0.0,5.5],"to":[4.0,8.0,10.5],"faces":{"east":{"uv":[14.75,3.5,16.0,5.5],"tintindex":0,"rotation":0,"texture":"#0"},"west":{"uv":[14.75,3.5,16.0,5.5],"tintindex":0,"rotation":0,"texture":"#0"}},"rotation":{"origin":[5.0,8.0,8.0],"angle":-22.5,"axis":"z"}},{"from":[10.0,0.0,5.5],"to":[12.0,8.0,10.5],"faces":{"south":{"uv":[14.5,3.5,15.0,5.5],"tintindex":0,"rotation":0,"texture":"#0"},"north":{"uv":[15.0,3.5,14.5,5.5],"tintindex":0,"rotation":0,"texture":"#0"},"up":{"uv":[16.0,4.0,14.75,3.5],"tintindex":0,"rotation":90,"texture":"#0"}},"rotation":{"origin":[11.0,8.0,8.0],"angle":22.5,"axis":"z"}},{"from":[4.99,-2.01,5.49],"to":[11.01,8.01,5.51],"faces":{"south":{"uv":[14.5,0.25,16.0,2.75],"tintindex":0,"rotation":0,"texture":"#0"},"north":{"uv":[14.5,0.25,16.0,2.75],"tintindex":0,"rotation":0,"texture":"#0"}}},{"from":[4.99,-2.01,10.49],"to":[11.01,8.01,10.51],"faces":{"south":{"uv":[14.5,0.25,16.0,2.75],"tintindex":0,"rotation":0,"texture":"#0"},"north":{"uv":[14.5,0.25,16.0,2.75],"tintindex":0,"rotation":0,"texture":"#0"}}},{"from":[4.0,0.0,5.5],"to":[6.0,8.0,10.5],"faces":{"south":{"uv":[15.0,3.5,14.5,5.5],"tintindex":0,"rotation":0,"texture":"#0"},"north":{"uv":[14.5,3.5,15.0,5.5],"tintindex":0,"rotation":0,"texture":"#0"},"up":{"uv":[16.0,3.5,14.75,4.0],"tintindex":0,"rotation":90,"texture":"#0"}},"rotation":{"origin":[5.0,8.0,8.0],"angle":-22.5,"axis":"z"}},{"from":[4.99,-2.01,8.49],"to":[11.01,8.01,10.51],"faces":{"east":{"uv":[14.75,0.25,14.25,2.75],"tintindex":0,"rotation":0,"texture":"#0"},"west":{"uv":[14.25,0.25,14.75,2.75],"tintindex":0,"rotation":0,"texture":"#0"},"up":{"uv":[14.5,0.0,16.0,0.5],"tintindex":0,"rotation":0,"texture":"#0"}}},{"from":[12.0,0.0,5.5],"to":[12.0,8.0,10.5],"faces":{"east":{"uv":[16.0,3.5,14.75,5.5],"tintindex":0,"rotation":0,"texture":"#0"},"west":{"uv":[16.0,3.5,14.75,5.5],"tintindex":0,"rotation":0,"texture":"#0"}},"rotation":{"origin":[11.0,8.0,8.0],"angle":22.5,"axis":"z"}},{"from":[4.99,-2.01,5.49],"to":[11.01,8.01,7.51],"faces":{"east":{"uv":[14.25,0.25,14.75,2.75],"tintindex":0,"rotation":0,"texture":"#0"},"west":{"uv":[14.75,0.25,14.25,2.75],"tintindex":0,"rotation":0,"texture":"#0"},"up":{"uv":[16.0,0.5,14.5,0.0],"tintindex":0,"rotation":0,"texture":"#0"}}}],"display":{"gui":{"rotation":[30,225,0]}}}