{"textures":{"0":"modelengine:entity/light_warrior"},"elements":[{"from":[4.5,5.0,11.0],"to":[10.5,11.0,11.0],"faces":{"east":{"uv":[11.25,7.75,12.5,9.0],"tintindex":0,"rotation":0,"texture":"#0"},"north":{"uv":[11.25,7.75,12.5,9.0],"tintindex":0,"rotation":0,"texture":"#0"},"west":{"uv":[11.25,7.75,12.5,9.0],"tintindex":0,"rotation":0,"texture":"#0"},"up":{"uv":[11.25,7.75,12.5,9.0],"tintindex":0,"rotation":0,"texture":"#0"},"down":{"uv":[11.25,7.75,12.5,9.0],"tintindex":0,"rotation":0,"texture":"#0"}}},{"from":[4.5,5.0,5.0],"to":[4.5,11.0,11.0],"faces":{"east":{"uv":[11.25,7.75,12.5,9.0],"tintindex":0,"rotation":0,"texture":"#0"}}},{"from":[4.5,5.0,5.0],"to":[10.5,5.0,11.0],"faces":{"up":{"uv":[11.25,7.75,12.5,9.0],"tintindex":0,"rotation":0,"texture":"#0"}}},{"from":[4.5,5.0,5.0],"to":[10.5,11.0,5.0],"faces":{"south":{"uv":[11.25,7.75,12.5,9.0],"tintindex":0,"rotation":0,"texture":"#0"},"west":{"uv":[11.25,7.75,12.5,9.0],"tintindex":0,"rotation":0,"texture":"#0"}}},{"from":[4.5,11.0,5.0],"to":[10.5,11.0,11.0],"faces":{"down":{"uv":[11.25,7.75,12.5,9.0],"tintindex":0,"rotation":0,"texture":"#0"}}},{"from":[10.5,5.0,5.0],"to":[10.5,11.0,11.0],"faces":{"west":{"uv":[11.25,7.75,12.5,9.0],"tintindex":0,"rotation":0,"texture":"#0"}}},{"from":[5.0,5.5,5.5],"to":[10.0,10.5,10.5],"faces":{"east":{"uv":[10.0,7.75,11.25,9.0],"tintindex":0,"rotation":0,"texture":"#0"},"south":{"uv":[10.0,7.75,11.25,9.0],"tintindex":0,"rotation":0,"texture":"#0"},"north":{"uv":[10.0,7.75,11.25,9.0],"tintindex":0,"rotation":0,"texture":"#0"},"west":{"uv":[10.0,7.75,11.25,9.0],"tintindex":0,"rotation":0,"texture":"#0"},"up":{"uv":[10.0,7.75,11.25,9.0],"tintindex":0,"rotation":0,"texture":"#0"},"down":{"uv":[10.0,7.75,11.25,9.0],"tintindex":0,"rotation":0,"texture":"#0"}}}],"display":{"gui":{"rotation":[30,225,0]}}}