{"textures":{"0":"modelengine:entity/light_warrior"},"elements":[{"from":[7.99,7.99,2.99],"to":[8.01,24.01,17.01],"faces":{"east":{"uv":[6.0,12.0,2.5,16.0],"tintindex":0,"rotation":0,"texture":"#0"},"west":{"uv":[2.5,12.0,6.0,16.0],"tintindex":0,"rotation":0,"texture":"#0"}}},{"from":[6.99,8.99,4.99],"to":[9.01,18.01,14.01],"faces":{"east":{"uv":[0.0,13.5,2.25,15.75],"tintindex":0,"rotation":0,"texture":"#0"},"south":{"uv":[2.0,13.5,2.5,15.75],"tintindex":0,"rotation":0,"texture":"#0"},"north":{"uv":[2.0,13.5,2.5,15.75],"tintindex":0,"rotation":0,"texture":"#0"},"west":{"uv":[0.0,13.5,2.25,15.75],"tintindex":0,"rotation":0,"texture":"#0"},"up":{"uv":[2.25,13.75,0.0,13.25],"tintindex":0,"rotation":90,"texture":"#0"},"down":{"uv":[0.0,16.0,2.25,15.5],"tintindex":0,"rotation":90,"texture":"#0"}}},{"from":[3.99,5.99,3.99],"to":[12.01,16.01,12.01],"faces":{"east":{"uv":[0.0,2.0,2.0,4.5],"tintindex":0,"rotation":0,"texture":"#0"},"south":{"uv":[6.0,2.0,8.0,4.5],"tintindex":0,"rotation":0,"texture":"#0"},"north":{"uv":[2.0,2.0,4.0,4.5],"tintindex":0,"rotation":0,"texture":"#0"},"west":{"uv":[4.0,2.0,6.0,4.5],"tintindex":0,"rotation":0,"texture":"#0"},"up":{"uv":[4.0,2.0,2.0,0.0],"tintindex":0,"rotation":0,"texture":"#0"},"down":{"uv":[6.0,0.0,4.0,2.0],"tintindex":0,"rotation":0,"texture":"#0"}}}],"display":{"gui":{"rotation":[30,225,0]}}}