{"textures":{"0":"modelengine:entity/light_warrior"},"elements":[{"from":[4.0,8.0,6.0],"to":[12.0,20.0,10.0],"faces":{"east":{"uv":[0.0,5.5,1.0,8.5],"tintindex":0,"rotation":0,"texture":"#0"},"south":{"uv":[4.0,5.5,6.0,8.5],"tintindex":0,"rotation":0,"texture":"#0"},"north":{"uv":[1.0,5.5,3.0,8.5],"tintindex":0,"rotation":0,"texture":"#0"},"west":{"uv":[3.0,5.5,4.0,8.5],"tintindex":0,"rotation":0,"texture":"#0"},"up":{"uv":[3.0,5.5,1.0,4.5],"tintindex":0,"rotation":0,"texture":"#0"},"down":{"uv":[5.0,4.5,3.0,5.5],"tintindex":0,"rotation":0,"texture":"#0"}}},{"from":[11.0,14.0,5.5],"to":[16.0,20.0,10.5],"faces":{"east":{"uv":[11.75,1.25,10.5,2.75],"tintindex":0,"rotation":0,"texture":"#0"},"south":{"uv":[9.25,1.25,10.5,2.75],"tintindex":0,"rotation":0,"texture":"#0"},"north":{"uv":[10.5,1.25,9.25,2.75],"tintindex":0,"rotation":0,"texture":"#0"},"west":{"uv":[9.25,1.25,8.0,2.75],"tintindex":0,"rotation":0,"texture":"#0"},"up":{"uv":[9.25,1.25,10.5,0.0],"tintindex":0,"rotation":0,"texture":"#0"},"down":{"uv":[10.5,0.0,11.75,1.25],"tintindex":0,"rotation":0,"texture":"#0"}},"rotation":{"origin":[12.0,18.0,8.0],"angle":22.5,"axis":"z"}},{"from":[0.0,14.0,5.5],"to":[5.0,20.0,10.5],"faces":{"east":{"uv":[8.0,1.25,9.25,2.75],"tintindex":0,"rotation":0,"texture":"#0"},"south":{"uv":[10.5,1.25,9.25,2.75],"tintindex":0,"rotation":0,"texture":"#0"},"north":{"uv":[9.25,1.25,10.5,2.75],"tintindex":0,"rotation":0,"texture":"#0"},"west":{"uv":[10.5,1.25,11.75,2.75],"tintindex":0,"rotation":0,"texture":"#0"},"up":{"uv":[10.5,1.25,9.25,0.0],"tintindex":0,"rotation":0,"texture":"#0"},"down":{"uv":[11.75,0.0,10.5,1.25],"tintindex":0,"rotation":0,"texture":"#0"}},"rotation":{"origin":[4.0,18.0,8.0],"angle":-22.5,"axis":"z"}}],"display":{"gui":{"rotation":[30,225,0]}}}