{"textures":{"0":"modelengine:entity/light_warrior"},"elements":[{"from":[6.0,2.0,2.0],"to":[8.0,14.0,14.0],"faces":{"east":{"uv":[13.0,13.0,16.0,16.0],"tintindex":0,"rotation":0,"texture":"#0"},"south":{"uv":[13.25,13.0,12.75,16.0],"tintindex":0,"rotation":0,"texture":"#0"},"north":{"uv":[12.75,13.0,13.25,16.0],"tintindex":0,"rotation":0,"texture":"#0"},"west":{"uv":[13.0,13.0,16.0,16.0],"tintindex":0,"rotation":0,"texture":"#0"},"up":{"uv":[13.0,12.75,16.0,13.25],"tintindex":0,"rotation":90,"texture":"#0"},"down":{"uv":[13.25,16.0,12.75,13.0],"tintindex":0,"rotation":0,"texture":"#0"}},"rotation":{"origin":[8.0,8.0,8.0],"angle":-45.0,"axis":"x"}}],"display":{"gui":{"rotation":[30,225,0]}}}