{"textures":{"0":"modelengine:entity/light_warrior"},"elements":[{"from":[7.5,5.25,1.25],"to":[8.5,7.0,3.0],"faces":{"east":{"uv":[8.5,11.25,8.9375,11.6875],"tintindex":0,"rotation":0,"texture":"#0"},"south":{"uv":[8.5,11.25,8.75,11.6875],"tintindex":0,"rotation":0,"texture":"#0"},"north":{"uv":[8.5,11.25,8.75,11.6875],"tintindex":0,"rotation":0,"texture":"#0"},"west":{"uv":[8.5,11.25,8.9375,11.6875],"tintindex":0,"rotation":0,"texture":"#0"},"up":{"uv":[8.5,11.25,8.75,11.6875],"tintindex":0,"rotation":0,"texture":"#0"},"down":{"uv":[8.5,11.25,8.75,11.6875],"tintindex":0,"rotation":0,"texture":"#0"}},"rotation":{"origin":[8.5,8.0,4.0],"angle":45.0,"axis":"x"}},{"from":[7.49,9.24,-0.36000037],"to":[8.51,10.26,4.1600003],"faces":{"east":{"uv":[8.5,11.25,9.625,11.5],"tintindex":0,"rotation":0,"texture":"#0"},"south":{"uv":[8.5,11.25,8.75,11.5],"tintindex":0,"rotation":0,"texture":"#0"},"north":{"uv":[8.5,11.25,8.75,11.5],"tintindex":0,"rotation":0,"texture":"#0"},"west":{"uv":[8.5,11.25,9.625,11.5],"tintindex":0,"rotation":0,"texture":"#0"},"up":{"uv":[8.5,11.25,8.75,12.375],"tintindex":0,"rotation":0,"texture":"#0"},"down":{"uv":[8.5,11.25,8.75,12.375],"tintindex":0,"rotation":0,"texture":"#0"}},"rotation":{"origin":[8.5,8.0,4.0],"angle":-22.5,"axis":"x"}},{"from":[7.0,7.0,4.0],"to":[9.0,9.0,16.0],"faces":{"east":{"uv":[7.5,11.0,8.0,16.0],"tintindex":0,"rotation":90,"texture":"#0"},"south":{"uv":[7.5,15.5,8.0,16.0],"tintindex":0,"rotation":0,"texture":"#0"},"north":{"uv":[7.5,11.0,8.0,11.5],"tintindex":0,"rotation":0,"texture":"#0"},"west":{"uv":[7.5,16.0,8.0,11.0],"tintindex":0,"rotation":90,"texture":"#0"},"up":{"uv":[7.5,11.0,8.0,16.0],"tintindex":0,"rotation":0,"texture":"#0"},"down":{"uv":[7.5,16.0,8.0,11.0],"tintindex":0,"rotation":0,"texture":"#0"}}},{"from":[7.5,4.25,0.25],"to":[8.5,4.8500004,0.8499999],"faces":{"east":{"uv":[8.5,11.25,8.65,11.4],"tintindex":0,"rotation":0,"texture":"#0"},"south":{"uv":[8.5,11.25,8.75,11.4],"tintindex":0,"rotation":0,"texture":"#0"},"north":{"uv":[8.5,11.25,8.75,11.4],"tintindex":0,"rotation":0,"texture":"#0"},"west":{"uv":[8.5,11.25,8.65,11.4],"tintindex":0,"rotation":0,"texture":"#0"},"up":{"uv":[8.5,11.25,8.75,11.4],"tintindex":0,"rotation":0,"texture":"#0"},"down":{"uv":[8.5,11.25,8.75,11.4],"tintindex":0,"rotation":0,"texture":"#0"}},"rotation":{"origin":[8.5,8.0,4.0],"angle":45.0,"axis":"x"}},{"from":[7.49,5.74,-0.36000037],"to":[8.51,6.76,4.1600003],"faces":{"east":{"uv":[8.5,11.5,9.625,11.75],"tintindex":0,"rotation":0,"texture":"#0"},"south":{"uv":[8.5,11.5,8.75,11.75],"tintindex":0,"rotation":0,"texture":"#0"},"north":{"uv":[8.5,11.5,8.75,11.75],"tintindex":0,"rotation":0,"texture":"#0"},"west":{"uv":[8.5,11.5,9.625,11.75],"tintindex":0,"rotation":0,"texture":"#0"},"up":{"uv":[8.5,12.5,8.75,13.625],"tintindex":0,"rotation":0,"texture":"#0"},"down":{"uv":[8.5,12.5,8.75,13.625],"tintindex":0,"rotation":0,"texture":"#0"}},"rotation":{"origin":[8.5,8.0,4.0],"angle":22.5,"axis":"x"}},{"from":[7.45,7.0,2.0],"to":[8.55,9.0,4.0],"faces":{"east":{"uv":[8.0,15.0,8.5,16.0],"tintindex":0,"rotation":90,"texture":"#0"},"west":{"uv":[8.0,16.0,8.5,15.0],"tintindex":0,"rotation":90,"texture":"#0"}}},{"from":[7.5,6.0,2.0],"to":[8.5,9.0,5.0],"faces":{"east":{"uv":[9.5,13.5,10.25,14.25],"tintindex":0,"rotation":0,"texture":"#0"},"south":{"uv":[9.5,13.5,9.75,14.25],"tintindex":0,"rotation":0,"texture":"#0"},"north":{"uv":[9.5,13.5,9.75,14.25],"tintindex":0,"rotation":0,"texture":"#0"},"west":{"uv":[9.5,13.5,10.25,14.25],"tintindex":0,"rotation":0,"texture":"#0"},"up":{"uv":[9.5,13.5,9.75,14.25],"tintindex":0,"rotation":0,"texture":"#0"},"down":{"uv":[9.5,13.5,9.75,14.25],"tintindex":0,"rotation":0,"texture":"#0"}},"rotation":{"origin":[8.5,8.0,4.0],"angle":45.0,"axis":"x"}}],"display":{"gui":{"rotation":[30,225,0]}}}