{"textures":{"0":"modelengine:entity/light_warrior"},"elements":[{"from":[19.0,-1.0,8.0],"to":[31.0,19.0,8.0],"faces":{"south":{"uv":[13.0,6.5,16.0,11.5],"tintindex":0,"rotation":0,"texture":"#0"},"north":{"uv":[16.0,6.5,13.0,11.5],"tintindex":0,"rotation":0,"texture":"#0"}},"rotation":{"origin":[19.0,1.0,8.0],"angle":22.5,"axis":"y"}},{"from":[7.0,-1.0,8.0],"to":[19.0,9.0,8.0],"faces":{"south":{"uv":[10.0,9.0,13.0,11.5],"tintindex":0,"rotation":0,"texture":"#0"},"north":{"uv":[13.0,9.0,10.0,11.5],"tintindex":0,"rotation":0,"texture":"#0"}}}],"display":{"gui":{"rotation":[30,225,0]}}}