{"textures":{"1":"modelengine:entity/herald_of_light"},"elements":[{"from":[14.5,-9.5,3.0],"to":[14.5,8.5,8.5],"faces":{"east":{"uv":[6.4375,6.5,5.75,11.0],"tintindex":0,"rotation":0,"texture":"#1"},"west":{"uv":[5.75,6.5,6.4375,11.0],"tintindex":0,"rotation":0,"texture":"#1"}}},{"from":[1.5,8.5,3.0],"to":[14.5,8.5,8.5],"faces":{"up":{"uv":[6.375,5.25,8.0,6.625],"tintindex":0,"rotation":0,"texture":"#1"},"down":{"uv":[6.375,5.25,8.0,6.625],"tintindex":0,"rotation":0,"texture":"#1"}}},{"from":[1.5,-9.5,8.5],"to":[14.5,8.5,8.5],"faces":{"south":{"uv":[8.0,6.5,6.375,11.0],"tintindex":0,"rotation":0,"texture":"#1"},"north":{"uv":[6.375,6.5,8.0,11.0],"tintindex":0,"rotation":0,"texture":"#1"}}},{"from":[1.5,-9.5,3.0],"to":[1.5,8.5,8.5],"faces":{"east":{"uv":[6.4375,6.5,5.75,11.0],"tintindex":0,"rotation":0,"texture":"#1"},"west":{"uv":[5.75,6.5,6.4375,11.0],"tintindex":0,"rotation":0,"texture":"#1"}}}],"display":{"gui":{"rotation":[30,225,0]}}}