{"textures":{"1":"modelengine:entity/herald_of_light"},"elements":[{"from":[5.5,0.5,9.0],"to":[10.5,8.5,10.0],"faces":{"east":{"uv":[3.4375,0.125,3.3125,2.125],"tintindex":0,"rotation":0,"texture":"#1"},"south":{"uv":[3.375,0.125,4.0,2.125],"tintindex":0,"rotation":0,"texture":"#1"},"north":{"uv":[3.375,0.125,4.0,2.125],"tintindex":0,"rotation":0,"texture":"#1"},"west":{"uv":[3.3125,0.125,3.4375,2.125],"tintindex":0,"rotation":0,"texture":"#1"},"up":{"uv":[3.375,0.0,4.0,0.25],"tintindex":0,"rotation":0,"texture":"#1"},"down":{"uv":[3.375,2.0,4.0,2.25],"tintindex":0,"rotation":0,"texture":"#1"}}},{"from":[4.495,-2.005,9.495],"to":[11.505,8.005,9.505],"faces":{"south":{"uv":[4.25,0.5,5.125,3.0],"tintindex":0,"rotation":0,"texture":"#1"},"north":{"uv":[5.125,0.5,4.25,3.0],"tintindex":0,"rotation":0,"texture":"#1"}}},{"from":[4.495,7.995,6.995],"to":[11.505,8.005,9.505],"faces":{"up":{"uv":[4.25,0.0,5.125,0.625],"tintindex":0,"rotation":0,"texture":"#1"},"down":{"uv":[4.25,0.0,5.125,0.625],"tintindex":0,"rotation":0,"texture":"#1"}}},{"from":[11.5,-10.5,7.0],"to":[11.5,-2.0,9.5],"faces":{"east":{"uv":[4.3125,3.0,4.0,5.125],"tintindex":0,"rotation":0,"texture":"#1"},"west":{"uv":[4.0,3.0,4.3125,5.125],"tintindex":0,"rotation":0,"texture":"#1"}},"rotation":{"origin":[8.0,-2.0,7.0],"angle":-22.5,"axis":"x"}},{"from":[4.5,-10.5,7.0],"to":[4.5,-2.0,9.5],"faces":{"east":{"uv":[4.3125,3.0,4.0,5.125],"tintindex":0,"rotation":0,"texture":"#1"},"west":{"uv":[4.0,3.0,4.3125,5.125],"tintindex":0,"rotation":0,"texture":"#1"}},"rotation":{"origin":[8.0,-2.0,7.0],"angle":-22.5,"axis":"x"}},{"from":[11.495,-2.005,6.995],"to":[11.505,8.005,9.505],"faces":{"east":{"uv":[4.3125,0.5,4.0,3.0],"tintindex":0,"rotation":0,"texture":"#1"},"west":{"uv":[4.0,0.5,4.3125,3.0],"tintindex":0,"rotation":0,"texture":"#1"}}},{"from":[4.495,-2.005,6.995],"to":[4.505,8.005,9.505],"faces":{"east":{"uv":[4.3125,0.5,4.0,3.0],"tintindex":0,"rotation":0,"texture":"#1"},"west":{"uv":[4.0,0.5,4.3125,3.0],"tintindex":0,"rotation":0,"texture":"#1"}}},{"from":[4.5,-10.5,9.5],"to":[11.5,-2.0,9.5],"faces":{"south":{"uv":[4.25,3.0,5.125,5.125],"tintindex":0,"rotation":0,"texture":"#1"},"north":{"uv":[5.125,3.0,4.25,5.125],"tintindex":0,"rotation":0,"texture":"#1"}},"rotation":{"origin":[8.0,-2.0,7.0],"angle":-22.5,"axis":"x"}}],"display":{"gui":{"rotation":[30,225,0]}}}