{"textures":{"1":"modelengine:entity/herald_of_light"},"elements":[{"from":[0.0,-5.0,8.0],"to":[16.0,10.0,8.0],"faces":{"south":{"uv":[8.0,12.25,6.0,16.0],"tintindex":0,"rotation":0,"texture":"#1"},"north":{"uv":[6.0,12.25,8.0,16.0],"tintindex":0,"rotation":0,"texture":"#1"}}},{"from":[0.0,10.0,2.5],"to":[16.0,10.0,8.0],"faces":{"up":{"uv":[6.0,11.0,8.0,12.375],"tintindex":0,"rotation":0,"texture":"#1"},"down":{"uv":[6.0,12.375,8.0,11.0],"tintindex":0,"rotation":0,"texture":"#1"}}},{"from":[0.0,-5.0,2.5],"to":[0.0,10.0,8.0],"faces":{"east":{"uv":[6.0625,12.25,5.375,16.0],"tintindex":0,"rotation":0,"texture":"#1"},"west":{"uv":[5.375,12.25,6.0625,16.0],"tintindex":0,"rotation":0,"texture":"#1"}}},{"from":[16.0,-5.0,2.5],"to":[16.0,10.0,8.0],"faces":{"west":{"uv":[5.375,12.25,6.0625,16.0],"tintindex":0,"rotation":0,"texture":"#1"}}}],"display":{"gui":{"rotation":[30,225,0]}}}