{"textures":{"1":"modelengine:entity/herald_of_light"},"elements":[{"from":[3.0,14.5,5.0],"to":[13.0,20.5,11.0],"faces":{"east":{"uv":[3.8125,7.0,4.5625,8.5],"tintindex":0,"rotation":0,"texture":"#1"},"south":{"uv":[2.625,7.0,3.875,8.5],"tintindex":0,"rotation":0,"texture":"#1"},"north":{"uv":[4.5,7.0,5.75,8.5],"tintindex":0,"rotation":0,"texture":"#1"},"west":{"uv":[3.8125,7.0,4.5625,8.5],"tintindex":0,"rotation":0,"texture":"#1"},"up":{"uv":[4.5,5.625,5.75,7.125],"tintindex":0,"rotation":0,"texture":"#1"},"down":{"uv":[4.5,8.375,5.75,9.875],"tintindex":0,"rotation":0,"texture":"#1"}}},{"from":[4.85,7.85,5.85],"to":[11.15,11.65,10.15],"faces":{"east":{"uv":[1.625,10.875,2.125,11.75],"tintindex":0,"rotation":0,"texture":"#1"},"south":{"uv":[0.9375,10.875,1.6875,11.75],"tintindex":0,"rotation":0,"texture":"#1"},"north":{"uv":[2.0625,10.875,2.8125,11.75],"tintindex":0,"rotation":0,"texture":"#1"},"west":{"uv":[1.625,10.875,2.125,11.75],"tintindex":0,"rotation":0,"texture":"#1"},"down":{"uv":[2.0625,11.625,2.8125,12.625],"tintindex":0,"rotation":0,"texture":"#1"}}},{"from":[5.0,8.0,6.0],"to":[11.0,14.5,10.0],"faces":{"east":{"uv":[1.625,10.125,2.125,11.75],"tintindex":0,"rotation":0,"texture":"#1"},"south":{"uv":[0.9375,10.125,1.6875,11.75],"tintindex":0,"rotation":0,"texture":"#1"},"north":{"uv":[2.0625,10.125,2.8125,11.75],"tintindex":0,"rotation":0,"texture":"#1"},"west":{"uv":[1.625,10.125,2.125,11.75],"tintindex":0,"rotation":0,"texture":"#1"},"down":{"uv":[2.0625,11.625,2.8125,12.625],"tintindex":0,"rotation":0,"texture":"#1"}}},{"from":[5.5,3.0,6.5],"to":[10.5,8.0,9.5],"faces":{"east":{"uv":[0.0,1.25,0.375,0.0],"tintindex":0,"rotation":0,"texture":"#1"},"south":{"uv":[0.0625,1.25,0.6875,0.0],"tintindex":0,"rotation":0,"texture":"#1"},"north":{"uv":[0.0625,1.25,0.6875,0.0],"tintindex":0,"rotation":0,"texture":"#1"},"west":{"uv":[0.0,1.25,0.375,0.0],"tintindex":0,"rotation":0,"texture":"#1"}}}],"display":{"gui":{"rotation":[30,225,0]}}}