{"textures":{"1":"modelengine:entity/herald_of_light"},"elements":[{"from":[-2.5,-8.900002,7.9],"to":[18.5,8.099998,7.9],"faces":{"south":{"uv":[2.625,7.75,1.3125,9.875],"tintindex":0,"rotation":0,"texture":"#1"},"north":{"uv":[1.3125,7.75,2.625,9.875],"tintindex":0,"rotation":0,"texture":"#1"}},"rotation":{"origin":[8.0,8.0,8.0],"angle":22.5,"axis":"x"}},{"from":[4.0,-11.0,1.0],"to":[9.0,-6.0,3.0],"faces":{"east":{"uv":[2.375,0.125,2.25,0.75],"tintindex":0,"rotation":0,"texture":"#1"},"south":{"uv":[2.3125,0.125,2.0,0.75],"tintindex":0,"rotation":0,"texture":"#1"},"north":{"uv":[2.3125,0.125,2.0,0.75],"tintindex":0,"rotation":0,"texture":"#1"},"west":{"uv":[2.3125,0.875,2.0,0.625],"tintindex":0,"rotation":90,"texture":"#1"},"up":{"uv":[2.0,0.25,2.3125,0.0],"tintindex":0,"rotation":0,"texture":"#1"},"down":{"uv":[1.9375,0.125,2.0625,0.75],"tintindex":0,"rotation":90,"texture":"#1"}},"rotation":{"origin":[8.0,-7.0,2.0],"angle":45.0,"axis":"z"}}],"display":{"gui":{"rotation":[30,225,0]}}}