{"textures":{"1":"modelengine:entity/herald_of_light","2":"modelengine:entity/herald_of_light_effects"},"elements":[{"from":[6.5,10.0,12.0],"to":[9.5,15.0,16.0],"faces":{"east":{"uv":[5.0625,12.5,5.3125,13.125],"tintindex":0,"rotation":0,"texture":"#1"},"south":{"uv":[4.9375,12.5,5.125,13.125],"tintindex":0,"rotation":0,"texture":"#1"},"north":{"uv":[4.9375,12.5,5.125,13.125],"tintindex":0,"rotation":0,"texture":"#1"},"west":{"uv":[5.0625,12.5,5.3125,13.125],"tintindex":0,"rotation":0,"texture":"#1"},"down":{"uv":[5.0625,12.25,5.3125,12.625],"tintindex":0,"rotation":90,"texture":"#1"}}},{"from":[2.0,8.0,0.0],"to":[14.0,20.0,12.0],"faces":{"east":{"uv":[3.5625,11.5,2.8125,13.0],"tintindex":0,"rotation":0,"texture":"#1"},"south":{"uv":[2.8125,10.0,3.5625,11.5],"tintindex":0,"rotation":0,"texture":"#1"},"north":{"uv":[2.875,13.0,4.375,14.5],"tintindex":0,"rotation":0,"texture":"#2"},"west":{"uv":[2.8125,11.5,3.5625,13.0],"tintindex":0,"rotation":0,"texture":"#1"},"up":{"uv":[4.3125,11.5,3.5625,10.0],"tintindex":0,"rotation":0,"texture":"#1"},"down":{"uv":[4.375,14.5,2.875,16.0],"tintindex":0,"rotation":0,"texture":"#2"}}},{"from":[2.0,6.0,0.0],"to":[2.0,23.0,10.0],"faces":{"east":{"uv":[5.6875,10.125,5.0625,12.25],"tintindex":0,"rotation":0,"texture":"#1"},"west":{"uv":[5.0625,10.125,5.6875,12.25],"tintindex":0,"rotation":0,"texture":"#1"}},"rotation":{"origin":[2.0,20.0,0.0],"angle":-22.5,"axis":"y"}},{"from":[14.0,16.0,8.0],"to":[14.0,28.0,17.0],"faces":{"east":{"uv":[4.875,11.5,4.3125,13.0],"tintindex":0,"rotation":0,"texture":"#1"},"west":{"uv":[4.3125,11.5,4.875,13.0],"tintindex":0,"rotation":0,"texture":"#1"}}},{"from":[1.99,0.99,-0.01],"to":[7.01,20.01,4.01],"faces":{"east":{"uv":[4.6875,13.625,4.9375,16.0],"tintindex":0,"rotation":0,"texture":"#1"},"north":{"uv":[4.875,13.625,5.1875,16.0],"tintindex":0,"rotation":0,"texture":"#1"},"west":{"uv":[5.125,13.625,5.375,16.0],"tintindex":0,"rotation":0,"texture":"#1"},"up":{"uv":[5.0625,13.625,5.375,13.125],"tintindex":0,"rotation":0,"texture":"#1"},"down":{"uv":[4.75,13.125,5.0625,13.625],"tintindex":0,"rotation":0,"texture":"#1"}},"rotation":{"origin":[2.0,14.0,0.0],"angle":22.5,"axis":"y"}},{"from":[2.0,16.0,8.0],"to":[2.0,28.0,17.0],"faces":{"east":{"uv":[4.875,11.5,4.3125,13.0],"tintindex":0,"rotation":0,"texture":"#1"},"west":{"uv":[4.3125,11.5,4.875,13.0],"tintindex":0,"rotation":0,"texture":"#1"}}},{"from":[6.5,15.0,-3.0],"to":[9.5,24.0,16.0],"faces":{"east":{"uv":[4.6875,13.25,3.5,14.375],"tintindex":0,"rotation":0,"texture":"#1"},"south":{"uv":[3.375,13.25,3.5625,14.375],"tintindex":0,"rotation":0,"texture":"#1"},"north":{"uv":[3.375,13.25,3.5625,14.375],"tintindex":0,"rotation":0,"texture":"#1"},"west":{"uv":[3.5,13.25,4.6875,14.375],"tintindex":0,"rotation":0,"texture":"#1"},"up":{"uv":[3.5,13.0,4.6875,13.375],"tintindex":0,"rotation":90,"texture":"#1"},"down":{"uv":[3.5,14.25,4.6875,14.625],"tintindex":0,"rotation":90,"texture":"#1"}}},{"from":[8.99,0.99,-0.01],"to":[14.01,20.01,4.01],"faces":{"east":{"uv":[5.375,13.625,5.125,16.0],"tintindex":0,"rotation":0,"texture":"#1"},"north":{"uv":[5.1875,13.625,4.875,16.0],"tintindex":0,"rotation":0,"texture":"#1"},"west":{"uv":[4.9375,13.625,4.6875,16.0],"tintindex":0,"rotation":0,"texture":"#1"},"up":{"uv":[5.375,13.625,5.0625,13.125],"tintindex":0,"rotation":0,"texture":"#1"},"down":{"uv":[5.0625,13.125,4.75,13.625],"tintindex":0,"rotation":0,"texture":"#1"}},"rotation":{"origin":[14.0,14.0,0.0],"angle":-22.5,"axis":"y"}},{"from":[14.0,6.0,0.0],"to":[14.0,23.0,10.0],"faces":{"east":{"uv":[5.6875,10.125,5.0625,12.25],"tintindex":0,"rotation":0,"texture":"#1"},"west":{"uv":[5.0625,10.125,5.6875,12.25],"tintindex":0,"rotation":0,"texture":"#1"}},"rotation":{"origin":[14.0,20.0,0.0],"angle":22.5,"axis":"y"}}],"display":{"gui":{"rotation":[30,225,0]}}}