{"textures":{"1":"modelengine:entity/herald_of_light"},"elements":[{"from":[-2.01,0.99,3.99],"to":[18.01,14.01,21.01],"faces":{"east":{"uv":[10.0,2.125,11.0625,3.75],"tintindex":0,"rotation":0,"texture":"#1"},"south":{"uv":[8.8125,2.125,10.0625,3.75],"tintindex":0,"rotation":0,"texture":"#1"},"north":{"uv":[11.0,2.125,12.25,3.75],"tintindex":0,"rotation":0,"texture":"#1"},"west":{"uv":[11.0625,2.125,10.0,3.75],"tintindex":0,"rotation":0,"texture":"#1"},"up":{"uv":[11.0,2.125,12.25,0.0],"tintindex":0,"rotation":0,"texture":"#1"},"down":{"uv":[9.75,2.125,11.0,0.0],"tintindex":0,"rotation":0,"texture":"#1"}},"rotation":{"origin":[8.0,8.0,8.0],"angle":22.5,"axis":"x"}}],"display":{"gui":{"rotation":[30,225,0]}}}