{"textures":{"1":"modelengine:entity/herald_of_light"},"elements":[{"from":[8.0,10.0,4.5],"to":[12.5,10.0,13.5],"faces":{"up":{"uv":[12.625,10.75,11.5,11.875],"tintindex":0,"rotation":90,"texture":"#1"},"down":{"uv":[11.5,10.75,12.625,11.875],"tintindex":0,"rotation":90,"texture":"#1"}}},{"from":[8.0,-7.0,4.5],"to":[14.5,10.0,4.5],"faces":{"south":{"uv":[12.5625,11.75,13.375,16.0],"tintindex":0,"rotation":0,"texture":"#1"},"north":{"uv":[13.375,11.75,12.5625,16.0],"tintindex":0,"rotation":0,"texture":"#1"}}},{"from":[8.0,-7.0,4.5],"to":[8.0,10.0,13.5],"faces":{"east":{"uv":[11.5,11.75,12.625,16.0],"tintindex":0,"rotation":0,"texture":"#1"},"west":{"uv":[12.625,11.75,11.5,16.0],"tintindex":0,"rotation":0,"texture":"#1"}}},{"from":[8.0,-7.0,13.5],"to":[12.5,10.0,13.5],"faces":{"south":{"uv":[11.5625,11.75,11.0,16.0],"tintindex":0,"rotation":0,"texture":"#1"},"north":{"uv":[11.0,11.75,11.5625,16.0],"tintindex":0,"rotation":0,"texture":"#1"}}}],"display":{"gui":{"rotation":[30,225,0]}}}