{"textures":{"2":"modelengine:entity/herald_of_light_effects"},"elements":[{"from":[8.122499,-0.25,15.75],"to":[8.122499,8.0,24.25],"faces":{"east":{"uv":[8.375,7.625,4.25,3.375],"tintindex":0,"rotation":90,"texture":"#2"},"west":{"uv":[8.375,3.375,4.25,7.625],"tintindex":0,"rotation":90,"texture":"#2"}},"rotation":{"origin":[8.0,8.0,15.75],"angle":22.5,"axis":"x"}},{"from":[8.125,-0.25,8.0],"to":[8.125,8.0,15.75],"faces":{"east":{"uv":[8.375,11.25,4.25,7.375],"tintindex":0,"rotation":90,"texture":"#2"},"west":{"uv":[8.375,7.375,4.25,11.25],"tintindex":0,"rotation":90,"texture":"#2"}}},{"from":[8.122499,-3.5,23.5],"to":[8.122499,4.75,30.5],"faces":{"east":{"uv":[8.375,3.5,4.25,0.0],"tintindex":0,"rotation":90,"texture":"#2"},"west":{"uv":[8.375,0.0,4.25,3.5],"tintindex":0,"rotation":90,"texture":"#2"}},"rotation":{"origin":[8.0,4.75,23.5],"angle":45.0,"axis":"x"}}],"display":{"gui":{"rotation":[30,225,0]}}}