{"textures":{"2":"modelengine:entity/herald_of_light_effects"},"elements":[{"from":[25.7,-1.2000008,6.0],"to":[31.7,4.799999,8.0],"faces":{"east":{"uv":[0.0,11.125,0.25,11.875],"tintindex":0,"rotation":0,"texture":"#2"},"south":{"uv":[0.875,11.125,0.125,11.875],"tintindex":0,"rotation":0,"texture":"#2"},"north":{"uv":[0.125,11.125,0.875,11.875],"tintindex":0,"rotation":0,"texture":"#2"},"west":{"uv":[0.75,11.125,1.0,11.875],"tintindex":0,"rotation":0,"texture":"#2"},"up":{"uv":[0.125,11.0,0.875,11.25],"tintindex":0,"rotation":0,"texture":"#2"},"down":{"uv":[0.875,12.0,0.125,11.75],"tintindex":0,"rotation":0,"texture":"#2"}},"rotation":{"origin":[7.5,23.0,8.0],"angle":-45.0,"axis":"z"}},{"from":[0.15000153,-7.0,6.0],"to":[3.0,-6.0,8.0],"faces":{"south":{"uv":[0.125,12.0,0.48125,11.875],"tintindex":0,"rotation":0,"texture":"#2"},"north":{"uv":[0.48125,12.0,0.125,11.875],"tintindex":0,"rotation":0,"texture":"#2"},"down":{"uv":[0.48125,12.0,0.125,11.75],"tintindex":0,"rotation":0,"texture":"#2"}},"rotation":{"origin":[3.0,-7.0,8.0],"angle":-45.0,"axis":"z"}},{"from":[1.2999992,20.8,6.5],"to":[5.299999,27.800003,7.5],"faces":{"east":{"uv":[1.125,11.125,1.0,12.0],"tintindex":0,"rotation":0,"texture":"#2"},"south":{"uv":[1.5,11.125,1.0,12.0],"tintindex":0,"rotation":0,"texture":"#2"},"north":{"uv":[1.0,11.125,1.5,12.0],"tintindex":0,"rotation":0,"texture":"#2"},"west":{"uv":[1.5,11.125,1.375,12.0],"tintindex":0,"rotation":0,"texture":"#2"},"up":{"uv":[1.5,11.125,1.0,11.25],"tintindex":0,"rotation":0,"texture":"#2"},"down":{"uv":[1.5,11.875,1.0,12.0],"tintindex":0,"rotation":0,"texture":"#2"}},"rotation":{"origin":[7.5,23.0,8.0],"angle":22.5,"axis":"z"}},{"from":[9.700001,20.8,6.5],"to":[13.700001,27.800003,7.5],"faces":{"east":{"uv":[1.375,11.125,1.5,12.0],"tintindex":0,"rotation":0,"texture":"#2"},"south":{"uv":[1.0,11.125,1.5,12.0],"tintindex":0,"rotation":0,"texture":"#2"},"north":{"uv":[1.5,11.125,1.0,12.0],"tintindex":0,"rotation":0,"texture":"#2"},"west":{"uv":[1.0,11.125,1.125,12.0],"tintindex":0,"rotation":0,"texture":"#2"},"up":{"uv":[1.0,11.125,1.5,11.25],"tintindex":0,"rotation":0,"texture":"#2"},"down":{"uv":[1.0,11.875,1.5,12.0],"tintindex":0,"rotation":0,"texture":"#2"}},"rotation":{"origin":[7.5,23.0,8.0],"angle":-22.5,"axis":"z"}},{"from":[0.15000153,22.0,6.0],"to":[3.0,23.0,8.0],"faces":{"south":{"uv":[0.375,12.125,0.73125,12.25],"tintindex":0,"rotation":0,"texture":"#2"},"north":{"uv":[0.73125,12.125,0.375,12.25],"tintindex":0,"rotation":0,"texture":"#2"},"up":{"uv":[0.73125,12.25,0.375,12.0],"tintindex":0,"rotation":0,"texture":"#2"}},"rotation":{"origin":[3.0,23.0,8.0],"angle":45.0,"axis":"z"}},{"from":[12.0,-7.0,6.0],"to":[14.849998,-6.0,8.0],"faces":{"south":{"uv":[0.60625,12.0,0.25,11.875],"tintindex":0,"rotation":0,"texture":"#2"},"north":{"uv":[0.73125,12.0,0.375,11.875],"tintindex":0,"rotation":0,"texture":"#2"},"down":{"uv":[0.125,12.0,0.48125,11.75],"tintindex":0,"rotation":0,"texture":"#2"}},"rotation":{"origin":[12.0,-7.0,8.0],"angle":45.0,"axis":"z"}},{"from":[12.0,22.0,6.0],"to":[14.849998,23.0,8.0],"faces":{"south":{"uv":[0.73125,12.125,0.375,12.25],"tintindex":0,"rotation":0,"texture":"#2"},"north":{"uv":[0.375,12.125,0.73125,12.25],"tintindex":0,"rotation":0,"texture":"#2"},"up":{"uv":[0.375,12.25,0.73125,12.0],"tintindex":0,"rotation":0,"texture":"#2"}},"rotation":{"origin":[12.0,23.0,8.0],"angle":-45.0,"axis":"z"}},{"from":[0.99,-7.01,5.99],"to":[14.01,23.01,8.01],"faces":{"east":{"uv":[0.0,12.125,0.25,15.875],"tintindex":0,"rotation":0,"texture":"#2"},"south":{"uv":[1.75,12.125,0.125,15.875],"tintindex":0,"rotation":0,"texture":"#2"},"north":{"uv":[0.125,12.125,1.75,15.875],"tintindex":0,"rotation":0,"texture":"#2"},"west":{"uv":[1.625,12.125,1.875,15.875],"tintindex":0,"rotation":0,"texture":"#2"},"up":{"uv":[0.125,12.0,1.75,12.25],"tintindex":0,"rotation":0,"texture":"#2"},"down":{"uv":[0.125,15.75,1.75,16.0],"tintindex":0,"rotation":0,"texture":"#2"}}},{"from":[3.6800008,20.779999,5.98],"to":[9.720001,26.820004,8.02],"faces":{"east":{"uv":[0.0,11.125,0.25,11.875],"tintindex":0,"rotation":0,"texture":"#2"},"south":{"uv":[0.875,11.125,0.125,11.875],"tintindex":0,"rotation":0,"texture":"#2"},"north":{"uv":[0.125,11.125,0.875,11.875],"tintindex":0,"rotation":0,"texture":"#2"},"west":{"uv":[0.75,11.125,1.0,11.875],"tintindex":0,"rotation":0,"texture":"#2"},"up":{"uv":[0.875,11.25,0.125,11.0],"tintindex":0,"rotation":0,"texture":"#2"},"down":{"uv":[0.875,11.75,0.125,12.0],"tintindex":0,"rotation":0,"texture":"#2"}},"rotation":{"origin":[7.5,23.0,8.0],"angle":-45.0,"axis":"z"}}],"display":{"gui":{"rotation":[30,225,0]}}}