{"textures":{"2":"modelengine:entity/herald_of_light_effects"},"elements":[{"from":[23.5,2.1750002,13.65],"to":[24.5,7.8500004,19.375],"faces":{"east":{"uv":[0.0,8.125,1.375,9.5],"tintindex":0,"rotation":0,"texture":"#2"},"south":{"uv":[3.75,8.125,3.5,9.625],"tintindex":0,"rotation":0,"texture":"#2"},"west":{"uv":[1.5,8.0,0.0,9.5],"tintindex":0,"rotation":0,"texture":"#2"},"down":{"uv":[3.75,10.36875,3.5,9.0],"tintindex":0,"rotation":0,"texture":"#2"}},"rotation":{"origin":[24.5,13.5,8.0],"angle":45.0,"axis":"x"}},{"from":[-3.375,2.1750002,23.5],"to":[2.35,7.8500004,24.5],"faces":{"south":{"uv":[0.0,8.125,1.375,9.5],"tintindex":0,"rotation":0,"texture":"#2"},"north":{"uv":[1.5,8.0,0.0,9.5],"tintindex":0,"rotation":0,"texture":"#2"},"west":{"uv":[3.75,8.125,3.5,9.625],"tintindex":0,"rotation":0,"texture":"#2"},"down":{"uv":[3.75,10.36875,3.5,9.0],"tintindex":0,"rotation":270,"texture":"#2"}},"rotation":{"origin":[8.0,13.5,24.5],"angle":45.0,"axis":"z"}},{"from":[13.65,2.1750002,-8.5],"to":[19.375,7.8500004,-7.5],"faces":{"east":{"uv":[3.75,8.125,3.5,9.625],"tintindex":0,"rotation":0,"texture":"#2"},"south":{"uv":[1.5,8.0,0.0,9.5],"tintindex":0,"rotation":0,"texture":"#2"},"north":{"uv":[0.0,8.125,1.375,9.5],"tintindex":0,"rotation":0,"texture":"#2"},"down":{"uv":[3.75,10.36875,3.5,9.0],"tintindex":0,"rotation":90,"texture":"#2"}},"rotation":{"origin":[8.0,13.5,-8.5],"angle":-45.0,"axis":"z"}},{"from":[5.125,10.674999,23.5],"to":[10.85,16.35,24.5],"faces":{"east":{"uv":[1.75,8.95,1.5,10.36875],"tintindex":0,"rotation":0,"texture":"#2"},"south":{"uv":[0.0,9.5,1.5,11.0],"tintindex":0,"rotation":0,"texture":"#2"},"north":{"uv":[1.5,9.5,0.0,11.0],"tintindex":0,"rotation":0,"texture":"#2"},"up":{"uv":[1.75,10.05625,1.5,8.625],"tintindex":0,"rotation":270,"texture":"#2"}},"rotation":{"origin":[8.0,13.5,24.5],"angle":45.0,"axis":"z"}},{"from":[-8.5,2.1750002,-3.375],"to":[-7.5,7.8500004,2.35],"faces":{"east":{"uv":[1.5,8.0,0.0,9.5],"tintindex":0,"rotation":0,"texture":"#2"},"north":{"uv":[3.75,8.125,3.5,9.625],"tintindex":0,"rotation":0,"texture":"#2"},"west":{"uv":[0.0,8.125,1.375,9.5],"tintindex":0,"rotation":0,"texture":"#2"},"down":{"uv":[3.75,10.36875,3.5,9.0],"tintindex":0,"rotation":180,"texture":"#2"}},"rotation":{"origin":[-8.5,13.5,8.0],"angle":-45.0,"axis":"x"}},{"from":[5.15,10.674999,-8.5],"to":[10.875,16.35,-7.5],"faces":{"south":{"uv":[1.5,9.5,0.0,11.0],"tintindex":0,"rotation":0,"texture":"#2"},"north":{"uv":[0.0,9.5,1.5,11.0],"tintindex":0,"rotation":0,"texture":"#2"},"west":{"uv":[1.75,8.95,1.5,10.36875],"tintindex":0,"rotation":0,"texture":"#2"},"up":{"uv":[1.75,10.05625,1.5,8.625],"tintindex":0,"rotation":90,"texture":"#2"}},"rotation":{"origin":[8.0,13.5,-8.5],"angle":-45.0,"axis":"z"}},{"from":[23.495,-2.005,3.995],"to":[24.505,17.005001,12.005],"faces":{"east":{"uv":[1.625,6.5,3.625,11.25],"tintindex":0,"rotation":0,"texture":"#2"},"south":{"uv":[1.5,6.5,1.75,11.25],"tintindex":0,"rotation":0,"texture":"#2"},"north":{"uv":[3.5,6.5,3.75,11.25],"tintindex":0,"rotation":0,"texture":"#2"},"west":{"uv":[3.625,6.5,1.625,11.25],"tintindex":0,"rotation":0,"texture":"#2"}}},{"from":[23.5,10.674999,5.15],"to":[24.5,16.35,10.875],"faces":{"east":{"uv":[0.0,9.5,1.5,11.0],"tintindex":0,"rotation":0,"texture":"#2"},"north":{"uv":[1.75,8.95,1.5,10.36875],"tintindex":0,"rotation":0,"texture":"#2"},"west":{"uv":[1.5,9.5,0.0,11.0],"tintindex":0,"rotation":0,"texture":"#2"},"up":{"uv":[1.75,10.05625,1.5,8.625],"tintindex":0,"rotation":180,"texture":"#2"}},"rotation":{"origin":[24.5,13.5,8.0],"angle":45.0,"axis":"x"}},{"from":[3.995,-2.005,-8.505001],"to":[12.005,17.005001,-7.495],"faces":{"east":{"uv":[1.5,6.5,1.75,11.25],"tintindex":0,"rotation":0,"texture":"#2"},"south":{"uv":[3.625,6.5,1.625,11.25],"tintindex":0,"rotation":0,"texture":"#2"},"north":{"uv":[1.625,6.5,3.625,11.25],"tintindex":0,"rotation":0,"texture":"#2"},"west":{"uv":[3.5,6.5,3.75,11.25],"tintindex":0,"rotation":0,"texture":"#2"}}},{"from":[3.995,-2.005,23.495],"to":[12.005,17.005001,24.505],"faces":{"east":{"uv":[3.5,6.5,3.75,11.25],"tintindex":0,"rotation":0,"texture":"#2"},"south":{"uv":[1.625,6.5,3.625,11.25],"tintindex":0,"rotation":0,"texture":"#2"},"north":{"uv":[3.625,6.5,1.625,11.25],"tintindex":0,"rotation":0,"texture":"#2"},"west":{"uv":[1.5,6.5,1.75,11.25],"tintindex":0,"rotation":0,"texture":"#2"}}},{"from":[-8.505001,-2.005,3.995],"to":[-7.495,17.005001,12.005],"faces":{"east":{"uv":[3.625,6.5,1.625,11.25],"tintindex":0,"rotation":0,"texture":"#2"},"south":{"uv":[3.5,6.5,3.75,11.25],"tintindex":0,"rotation":0,"texture":"#2"},"north":{"uv":[1.5,6.5,1.75,11.25],"tintindex":0,"rotation":0,"texture":"#2"},"west":{"uv":[1.625,6.5,3.625,11.25],"tintindex":0,"rotation":0,"texture":"#2"}}},{"from":[-8.5,10.674999,5.125],"to":[-7.5,16.35,10.85],"faces":{"east":{"uv":[1.5,9.5,0.0,11.0],"tintindex":0,"rotation":0,"texture":"#2"},"south":{"uv":[1.75,8.95,1.5,10.36875],"tintindex":0,"rotation":0,"texture":"#2"},"west":{"uv":[0.0,9.5,1.5,11.0],"tintindex":0,"rotation":0,"texture":"#2"},"up":{"uv":[1.75,10.05625,1.5,8.625],"tintindex":0,"rotation":0,"texture":"#2"}},"rotation":{"origin":[-8.5,13.5,8.0],"angle":-45.0,"axis":"x"}}],"display":{"gui":{"rotation":[30,225,0]}}}