{"textures":{"1":"modelengine:entity/herald_of_light"},"elements":[{"from":[7.5,-7.5,4.5],"to":[13.5,8.5,4.5],"faces":{"south":{"uv":[13.5,6.75,12.75,10.75],"tintindex":0,"rotation":0,"texture":"#1"},"north":{"uv":[12.75,6.75,13.5,10.75],"tintindex":0,"rotation":0,"texture":"#1"}}},{"from":[13.5,-7.5,4.5],"to":[13.5,8.5,11.5],"faces":{"east":{"uv":[11.9375,6.75,12.8125,10.75],"tintindex":0,"rotation":0,"texture":"#1"},"west":{"uv":[12.8125,6.75,11.9375,10.75],"tintindex":0,"rotation":0,"texture":"#1"}}},{"from":[10.5,6.5,3.5],"to":[12.5,8.5,4.5],"faces":{"east":{"uv":[1.9375,0.125,1.8125,0.625],"tintindex":0,"rotation":0,"texture":"#1"},"south":{"uv":[1.625,0.125,1.875,0.625],"tintindex":0,"rotation":0,"texture":"#1"},"north":{"uv":[1.875,0.125,1.625,0.625],"tintindex":0,"rotation":0,"texture":"#1"},"west":{"uv":[1.875,0.75,1.625,0.5],"tintindex":0,"rotation":90,"texture":"#1"},"up":{"uv":[1.625,0.25,1.875,0.0],"tintindex":0,"rotation":0,"texture":"#1"},"down":{"uv":[1.625,0.75,1.875,0.5],"tintindex":0,"rotation":0,"texture":"#1"}},"rotation":{"origin":[12.0,8.0,4.5],"angle":45.0,"axis":"z"}},{"from":[7.5,-7.5,11.5],"to":[13.5,8.5,11.5],"faces":{"south":{"uv":[11.25,6.75,12.0,10.75],"tintindex":0,"rotation":0,"texture":"#1"},"north":{"uv":[12.0,6.75,11.25,10.75],"tintindex":0,"rotation":0,"texture":"#1"}}},{"from":[7.5,8.5,4.5],"to":[13.5,8.5,11.5],"faces":{"up":{"uv":[11.9375,6.875,12.8125,5.375],"tintindex":0,"rotation":90,"texture":"#1"},"down":{"uv":[11.9375,6.875,12.8125,5.375],"tintindex":0,"rotation":90,"texture":"#1"}}}],"display":{"gui":{"rotation":[30,225,0]}}}