{"cachedId":{"herald_of_light_core:left_wing_2":15,"herald_of_light_core:left_wing_1":14,"herald_of_light_phase_1:left_cloth":31,"herald_of_light_phase_1:left_sword":43,"herald_of_light_phase_1:mirror2":40,"herald_of_light_phase_2:right_hand":72,"herald_of_light_phase_2:right_hand_beam":78,"light_warrior:head":103,"herald_of_light_phase_1:hood":32,"herald_of_light_phase_2:right_wing_2":62,"herald_of_light_phase_2:right_wing_1":61,"herald_of_light_phase_2:left_cut_effect":89,"herald_of_light_core:right_feather":2,"herald_of_light_phase_1:right_sword":49,"herald_of_light_phase_2:right_sword":80,"herald_of_light_phase_1:right_cape_arm":54,"herald_of_light_core:ring":4,"light_warrior:wing2":97,"light_warrior:wing3":95,"light_warrior:wing4":96,"herald_of_light_core:mirror":10,"herald_of_light_core:ring2":16,"herald_of_light_phase_2:left_wing_1":63,"herald_of_light_phase_2:left_wing_2":66,"herald_of_light_phase_1:mirror":39,"herald_of_light_core:left_feather4":6,"light_warrior:light_warrior":100,"herald_of_light_phase_1:right_shoulder":56,"herald_of_light_core:left_feather2":9,"herald_of_light_core:left_feather3":7,"herald_of_light_phase_2:mirror2":69,"herald_of_light_phase_2:shield":81,"herald_of_light_phase_1:left_shoulder":57,"sun_light_long_beam:ring3":111,"sun_light_long_beam:ring2":113,"herald_of_light_phase_1:front_cloth":35,"herald_of_light_phase_2:front_cloth":60,"herald_of_light_phase_2:left_hand_beam":82,"sun_light_beam:ring3":107,"herald_of_light_phase_2:left_sword":83,"sun_light_beam:ring2":109,"herald_of_light_phase_2:left_chest_part":71,"herald_of_light_core:right_feather4":1,"herald_of_light_core:right_feather3":5,"herald_of_light_core:right_feather2":3,"herald_of_light_phase_1:left_cape_arm":55,"herald_of_light_phase_2:reflect_mirror":59,"sun_light_long_beam:beam":114,"herald_of_light_core:right_wing_part_two_1":23,"herald_of_light_phase_1:head":44,"herald_of_light_core:right_wing_part_two_2":22,"herald_of_light_core:beam3_rotation":26,"sun_light_beam:ring":108,"herald_of_light_phase_2:right_chest_part":74,"herald_of_light_phase_2:beam_spin_effect":85,"herald_of_light_phase_2:mirror":68,"herald_of_light_phase_1:right_arm_cape_part_1":41,"herald_of_light_phase_1:right_arm_cape_part_2":50,"light_warrior:wing":99,"herald_of_light_core:core_rotation":21,"herald_of_light_phase_2:core":70,"herald_of_light_core:beam4_rotation":27,"herald_of_light_phase_2:right_cut_effect":88,"herald_of_light_core:beam_rotation2":25,"herald_of_light_phase_1:left_hand":30,"herald_of_light_phase_1:left_hand_beam":42,"light_warrior:shield":106,"herald_of_light_core:right_wing_1":18,"herald_of_light_core:left_wing_part_two_2":20,"herald_of_light_core:right_wing_2":17,"herald_of_light_phase_1:body_size":34,"light_herald_spear:spear":92,"herald_of_light_phase_2:mirror_beam_spin_effect2":75,"herald_of_light_phase_2:feather_crest":90,"herald_of_light_core:left_wing_part_two_1":19,"herald_of_light_phase_2:left_shoulder":87,"light_warrior:left_hand":104,"herald_of_light_phase_1:right_hand_beam":48,"light_warrior:core_part":98,"light_warrior:spear":105,"herald_of_light_phase_1:back_cape_part_2":46,"herald_of_light_phase_1:back_cape_part_1":33,"herald_of_light_phase_2:left_hand":73,"herald_of_light_phase_2:spear":77,"herald_of_light_phase_2:head":84,"light_projectile:light_fireball_part_2":94,"herald_of_light_core:mirror4":13,"herald_of_light_core:beam_rotation":24,"herald_of_light_phase_2:back_cloth":67,"light_warrior:cloth":101,"herald_of_light_phase_2:left_cloth":65,"sun_light_long_beam:ring":112,"herald_of_light_phase_1:right_hand":36,"herald_of_light_core:mirror3":12,"herald_of_light_core:mirror2":11,"herald_of_light_phase_2:beam_spin_effect2":86,"light_projectile:light_fireball":93,"light_warrior:right_hand":102,"herald_of_light_phase_1:right_cloth":37,"herald_of_light_phase_1:left_arm_cape_part_1":47,"herald_of_light_phase_2:mirror_beam_spin_effect":76,"herald_of_light_phase_2:right_cloth":64,"herald_of_light_phase_1:left_arm_cape_part_2":52,"herald_of_light_phase_2:light_knight_phase_1":58,"herald_of_light_phase_1:left_cut_effect":51,"herald_of_light_core:left_feather":8,"herald_of_light_phase_1:right_cut_effect":53,"herald_of_light_phase_2:right_shoulder":91,"herald_of_light_phase_1:reflect_mirror":29,"herald_of_light_phase_1:chain":45,"herald_of_light_phase_2:right_spear_effect":79,"sun_light_beam:beam":110,"herald_of_light_phase_1:back_cloth":38,"herald_of_light_core:core_beam_rotation":28,"light_herald_spear2:spear":115,"herald_of_light_core:reflect_mirror":116},"unused":[],"nextId":117}