{"textures":{"0":"modelengine:entity/herald_of_light_effects"},"elements":[{"from":[6.0,8.0,8.0],"to":[10.0,27.5,8.0],"faces":{"south":{"uv":[1.875,11.25,7.5,12.75],"tintindex":0,"rotation":90,"texture":"#0"},"north":{"uv":[1.875,11.25,7.5,12.75],"tintindex":0,"rotation":90,"texture":"#0"}}},{"from":[8.0,8.0,6.0],"to":[8.0,27.5,10.0],"faces":{"east":{"uv":[1.875,11.25,7.5,12.75],"tintindex":0,"rotation":90,"texture":"#0"},"west":{"uv":[1.875,11.25,7.5,12.75],"tintindex":0,"rotation":90,"texture":"#0"}}}],"display":{"gui":{"rotation":[30,225,0]}}}