{"textures":{"0":"modelengine:entity/light_projectile"},"elements":[{"from":[3.5,3.5,3.5],"to":[12.5,12.5,12.5],"faces":{"east":{"uv":[0.0,0.0,7.0,7.0],"tintindex":0,"rotation":0,"texture":"#0"},"south":{"uv":[0.0,0.0,7.0,7.0],"tintindex":0,"rotation":0,"texture":"#0"},"north":{"uv":[0.0,0.0,7.0,7.0],"tintindex":0,"rotation":0,"texture":"#0"},"west":{"uv":[0.0,0.0,7.0,7.0],"tintindex":0,"rotation":0,"texture":"#0"},"up":{"uv":[0.0,0.0,7.0,7.0],"tintindex":0,"rotation":0,"texture":"#0"},"down":{"uv":[0.0,0.0,7.0,7.0],"tintindex":0,"rotation":0,"texture":"#0"}}}],"display":{"gui":{"rotation":[30,225,0]}}}