{"textures":{"0":"modelengine:entity/light_projectile"},"elements":[{"from":[1.5,14.5,1.5],"to":[14.5,14.5,14.5],"faces":{"down":{"uv":[7.0,0.0,14.0,7.0],"tintindex":0,"rotation":0,"texture":"#0"}}},{"from":[1.5,1.5,1.5],"to":[14.5,14.5,1.5],"faces":{"south":{"uv":[7.0,0.0,14.0,7.0],"tintindex":0,"rotation":0,"texture":"#0"}}},{"from":[14.5,1.5,1.5],"to":[14.5,14.5,14.5],"faces":{"west":{"uv":[7.0,0.0,14.0,7.0],"tintindex":0,"rotation":0,"texture":"#0"}}},{"from":[1.5,1.5,1.5],"to":[14.5,1.5,14.5],"faces":{"up":{"uv":[7.0,0.0,14.0,7.0],"tintindex":0,"rotation":0,"texture":"#0"}}},{"from":[1.5,1.5,1.5],"to":[1.5,14.5,14.5],"faces":{"east":{"uv":[7.0,0.0,14.0,7.0],"tintindex":0,"rotation":0,"texture":"#0"}}},{"from":[1.5,1.5,14.5],"to":[14.5,14.5,14.5],"faces":{"north":{"uv":[7.0,0.0,14.0,7.0],"tintindex":0,"rotation":0,"texture":"#0"}}}],"display":{"gui":{"rotation":[30,225,0]}}}