{"overrides":[{"predicate":{"custom_model_data":1},"model":"modelengine:herald_of_light_core/right_feather4"},{"predicate":{"custom_model_data":2},"model":"modelengine:herald_of_light_core/right_feather"},{"predicate":{"custom_model_data":3},"model":"modelengine:herald_of_light_core/right_feather2"},{"predicate":{"custom_model_data":4},"model":"modelengine:herald_of_light_core/ring"},{"predicate":{"custom_model_data":5},"model":"modelengine:herald_of_light_core/right_feather3"},{"predicate":{"custom_model_data":6},"model":"modelengine:herald_of_light_core/left_feather4"},{"predicate":{"custom_model_data":7},"model":"modelengine:herald_of_light_core/left_feather3"},{"predicate":{"custom_model_data":8},"model":"modelengine:herald_of_light_core/left_feather"},{"predicate":{"custom_model_data":9},"model":"modelengine:herald_of_light_core/left_feather2"},{"predicate":{"custom_model_data":10},"model":"modelengine:herald_of_light_core/mirror"},{"predicate":{"custom_model_data":11},"model":"modelengine:herald_of_light_core/mirror2"},{"predicate":{"custom_model_data":12},"model":"modelengine:herald_of_light_core/mirror3"},{"predicate":{"custom_model_data":13},"model":"modelengine:herald_of_light_core/mirror4"},{"predicate":{"custom_model_data":14},"model":"modelengine:herald_of_light_core/left_wing_1"},{"predicate":{"custom_model_data":15},"model":"modelengine:herald_of_light_core/left_wing_2"},{"predicate":{"custom_model_data":16},"model":"modelengine:herald_of_light_core/ring2"},{"predicate":{"custom_model_data":17},"model":"modelengine:herald_of_light_core/right_wing_2"},{"predicate":{"custom_model_data":18},"model":"modelengine:herald_of_light_core/right_wing_1"},{"predicate":{"custom_model_data":19},"model":"modelengine:herald_of_light_core/left_wing_part_two_1"},{"predicate":{"custom_model_data":20},"model":"modelengine:herald_of_light_core/left_wing_part_two_2"},{"predicate":{"custom_model_data":21},"model":"modelengine:herald_of_light_core/core_rotation"},{"predicate":{"custom_model_data":22},"model":"modelengine:herald_of_light_core/right_wing_part_two_2"},{"predicate":{"custom_model_data":23},"model":"modelengine:herald_of_light_core/right_wing_part_two_1"},{"predicate":{"custom_model_data":24},"model":"modelengine:herald_of_light_core/beam_rotation"},{"predicate":{"custom_model_data":25},"model":"modelengine:herald_of_light_core/beam_rotation2"},{"predicate":{"custom_model_data":26},"model":"modelengine:herald_of_light_core/beam3_rotation"},{"predicate":{"custom_model_data":27},"model":"modelengine:herald_of_light_core/beam4_rotation"},{"predicate":{"custom_model_data":28},"model":"modelengine:herald_of_light_core/core_beam_rotation"},{"predicate":{"custom_model_data":29},"model":"modelengine:herald_of_light_phase_1/reflect_mirror"},{"predicate":{"custom_model_data":30},"model":"modelengine:herald_of_light_phase_1/left_hand"},{"predicate":{"custom_model_data":31},"model":"modelengine:herald_of_light_phase_1/left_cloth"},{"predicate":{"custom_model_data":32},"model":"modelengine:herald_of_light_phase_1/hood"},{"predicate":{"custom_model_data":33},"model":"modelengine:herald_of_light_phase_1/back_cape_part_1"},{"predicate":{"custom_model_data":34},"model":"modelengine:herald_of_light_phase_1/body_size"},{"predicate":{"custom_model_data":35},"model":"modelengine:herald_of_light_phase_1/front_cloth"},{"predicate":{"custom_model_data":36},"model":"modelengine:herald_of_light_phase_1/right_hand"},{"predicate":{"custom_model_data":37},"model":"modelengine:herald_of_light_phase_1/right_cloth"},{"predicate":{"custom_model_data":38},"model":"modelengine:herald_of_light_phase_1/back_cloth"},{"predicate":{"custom_model_data":39},"model":"modelengine:herald_of_light_phase_1/mirror"},{"predicate":{"custom_model_data":40},"model":"modelengine:herald_of_light_phase_1/mirror2"},{"predicate":{"custom_model_data":41},"model":"modelengine:herald_of_light_phase_1/right_arm_cape_part_1"},{"predicate":{"custom_model_data":42},"model":"modelengine:herald_of_light_phase_1/left_hand_beam"},{"predicate":{"custom_model_data":43},"model":"modelengine:herald_of_light_phase_1/left_sword"},{"predicate":{"custom_model_data":44},"model":"modelengine:herald_of_light_phase_1/head"},{"predicate":{"custom_model_data":45},"model":"modelengine:herald_of_light_phase_1/chain"},{"predicate":{"custom_model_data":46},"model":"modelengine:herald_of_light_phase_1/back_cape_part_2"},{"predicate":{"custom_model_data":47},"model":"modelengine:herald_of_light_phase_1/left_arm_cape_part_1"},{"predicate":{"custom_model_data":48},"model":"modelengine:herald_of_light_phase_1/right_hand_beam"},{"predicate":{"custom_model_data":49},"model":"modelengine:herald_of_light_phase_1/right_sword"},{"predicate":{"custom_model_data":50},"model":"modelengine:herald_of_light_phase_1/right_arm_cape_part_2"},{"predicate":{"custom_model_data":51},"model":"modelengine:herald_of_light_phase_1/left_cut_effect"},{"predicate":{"custom_model_data":52},"model":"modelengine:herald_of_light_phase_1/left_arm_cape_part_2"},{"predicate":{"custom_model_data":53},"model":"modelengine:herald_of_light_phase_1/right_cut_effect"},{"predicate":{"custom_model_data":54},"model":"modelengine:herald_of_light_phase_1/right_cape_arm"},{"predicate":{"custom_model_data":55},"model":"modelengine:herald_of_light_phase_1/left_cape_arm"},{"predicate":{"custom_model_data":56},"model":"modelengine:herald_of_light_phase_1/right_shoulder"},{"predicate":{"custom_model_data":57},"model":"modelengine:herald_of_light_phase_1/left_shoulder"},{"predicate":{"custom_model_data":58},"model":"modelengine:herald_of_light_phase_2/light_knight_phase_1"},{"predicate":{"custom_model_data":59},"model":"modelengine:herald_of_light_phase_2/reflect_mirror"},{"predicate":{"custom_model_data":60},"model":"modelengine:herald_of_light_phase_2/front_cloth"},{"predicate":{"custom_model_data":61},"model":"modelengine:herald_of_light_phase_2/right_wing_1"},{"predicate":{"custom_model_data":62},"model":"modelengine:herald_of_light_phase_2/right_wing_2"},{"predicate":{"custom_model_data":63},"model":"modelengine:herald_of_light_phase_2/left_wing_1"},{"predicate":{"custom_model_data":64},"model":"modelengine:herald_of_light_phase_2/right_cloth"},{"predicate":{"custom_model_data":65},"model":"modelengine:herald_of_light_phase_2/left_cloth"},{"predicate":{"custom_model_data":66},"model":"modelengine:herald_of_light_phase_2/left_wing_2"},{"predicate":{"custom_model_data":67},"model":"modelengine:herald_of_light_phase_2/back_cloth"},{"predicate":{"custom_model_data":68},"model":"modelengine:herald_of_light_phase_2/mirror"},{"predicate":{"custom_model_data":69},"model":"modelengine:herald_of_light_phase_2/mirror2"},{"predicate":{"custom_model_data":70},"model":"modelengine:herald_of_light_phase_2/core"},{"predicate":{"custom_model_data":71},"model":"modelengine:herald_of_light_phase_2/left_chest_part"},{"predicate":{"custom_model_data":72},"model":"modelengine:herald_of_light_phase_2/right_hand"},{"predicate":{"custom_model_data":73},"model":"modelengine:herald_of_light_phase_2/left_hand"},{"predicate":{"custom_model_data":74},"model":"modelengine:herald_of_light_phase_2/right_chest_part"},{"predicate":{"custom_model_data":75},"model":"modelengine:herald_of_light_phase_2/mirror_beam_spin_effect2"},{"predicate":{"custom_model_data":76},"model":"modelengine:herald_of_light_phase_2/mirror_beam_spin_effect"},{"predicate":{"custom_model_data":77},"model":"modelengine:herald_of_light_phase_2/spear"},{"predicate":{"custom_model_data":78},"model":"modelengine:herald_of_light_phase_2/right_hand_beam"},{"predicate":{"custom_model_data":79},"model":"modelengine:herald_of_light_phase_2/right_spear_effect"},{"predicate":{"custom_model_data":80},"model":"modelengine:herald_of_light_phase_2/right_sword"},{"predicate":{"custom_model_data":81},"model":"modelengine:herald_of_light_phase_2/shield"},{"predicate":{"custom_model_data":82},"model":"modelengine:herald_of_light_phase_2/left_hand_beam"},{"predicate":{"custom_model_data":83},"model":"modelengine:herald_of_light_phase_2/left_sword"},{"predicate":{"custom_model_data":84},"model":"modelengine:herald_of_light_phase_2/head"},{"predicate":{"custom_model_data":85},"model":"modelengine:herald_of_light_phase_2/beam_spin_effect"},{"predicate":{"custom_model_data":86},"model":"modelengine:herald_of_light_phase_2/beam_spin_effect2"},{"predicate":{"custom_model_data":87},"model":"modelengine:herald_of_light_phase_2/left_shoulder"},{"predicate":{"custom_model_data":88},"model":"modelengine:herald_of_light_phase_2/right_cut_effect"},{"predicate":{"custom_model_data":89},"model":"modelengine:herald_of_light_phase_2/left_cut_effect"},{"predicate":{"custom_model_data":90},"model":"modelengine:herald_of_light_phase_2/feather_crest"},{"predicate":{"custom_model_data":91},"model":"modelengine:herald_of_light_phase_2/right_shoulder"},{"predicate":{"custom_model_data":92},"model":"modelengine:light_herald_spear/spear"},{"predicate":{"custom_model_data":93},"model":"modelengine:light_projectile/light_fireball"},{"predicate":{"custom_model_data":94},"model":"modelengine:light_projectile/light_fireball_part_2"},{"predicate":{"custom_model_data":95},"model":"modelengine:light_warrior/wing3"},{"predicate":{"custom_model_data":96},"model":"modelengine:light_warrior/wing4"},{"predicate":{"custom_model_data":97},"model":"modelengine:light_warrior/wing2"},{"predicate":{"custom_model_data":98},"model":"modelengine:light_warrior/core_part"},{"predicate":{"custom_model_data":99},"model":"modelengine:light_warrior/wing"},{"predicate":{"custom_model_data":100},"model":"modelengine:light_warrior/light_warrior"},{"predicate":{"custom_model_data":101},"model":"modelengine:light_warrior/cloth"},{"predicate":{"custom_model_data":102},"model":"modelengine:light_warrior/right_hand"},{"predicate":{"custom_model_data":103},"model":"modelengine:light_warrior/head"},{"predicate":{"custom_model_data":104},"model":"modelengine:light_warrior/left_hand"},{"predicate":{"custom_model_data":105},"model":"modelengine:light_warrior/spear"},{"predicate":{"custom_model_data":106},"model":"modelengine:light_warrior/shield"},{"predicate":{"custom_model_data":107},"model":"modelengine:sun_light_beam/ring3"},{"predicate":{"custom_model_data":108},"model":"modelengine:sun_light_beam/ring"},{"predicate":{"custom_model_data":109},"model":"modelengine:sun_light_beam/ring2"},{"predicate":{"custom_model_data":110},"model":"modelengine:sun_light_beam/beam"},{"predicate":{"custom_model_data":111},"model":"modelengine:sun_light_long_beam/ring3"},{"predicate":{"custom_model_data":112},"model":"modelengine:sun_light_long_beam/ring"},{"predicate":{"custom_model_data":113},"model":"modelengine:sun_light_long_beam/ring2"},{"predicate":{"custom_model_data":114},"model":"modelengine:sun_light_long_beam/beam"},{"predicate":{"custom_model_data":115},"model":"modelengine:light_herald_spear2/spear"},{"predicate":{"custom_model_data":116},"model":"modelengine:herald_of_light_core/reflect_mirror"}],"parent":"minecraft:item/generated","textures":{"layer0":"minecraft:item/leather_horse_armor"}}