{"textures":{"1":"modelengine:entity/herald_of_light_effects"},"elements":[{"from":[2.0,8.0,-2.0],"to":[14.0,8.0,8.0],"faces":{"up":{"uv":[1.875,11.25,7.5,12.75],"tintindex":0,"rotation":90,"texture":"#1"},"down":{"uv":[1.875,11.25,7.5,12.75],"tintindex":0,"rotation":90,"texture":"#1"}}},{"from":[8.0,2.0,-2.0],"to":[8.0,14.0,8.0],"faces":{"east":{"uv":[1.875,11.25,7.5,12.75],"tintindex":0,"rotation":0,"texture":"#1"},"west":{"uv":[1.875,11.25,7.5,12.75],"tintindex":0,"rotation":0,"texture":"#1"}}}],"display":{"gui":{"rotation":[30,225,0]}}}