{"textures":{"0":"modelengine:entity/herald_of_light_core"},"elements":[{"from":[2.0,2.0,2.0],"to":[14.0,14.0,14.0],"faces":{"east":{"uv":[0.0,13.0,1.5,16.0],"tintindex":0,"rotation":0,"texture":"#0"},"south":{"uv":[0.0,13.0,1.5,16.0],"tintindex":0,"rotation":0,"texture":"#0"},"north":{"uv":[0.0,13.0,1.5,16.0],"tintindex":0,"rotation":0,"texture":"#0"},"west":{"uv":[0.0,13.0,1.5,16.0],"tintindex":0,"rotation":0,"texture":"#0"},"up":{"uv":[0.0,13.0,1.5,16.0],"tintindex":0,"rotation":0,"texture":"#0"},"down":{"uv":[0.0,13.0,1.5,16.0],"tintindex":0,"rotation":0,"texture":"#0"}}}],"display":{"gui":{"rotation":[30,225,0]}}}