{"textures":{"0":"modelengine:entity/herald_of_light_core"},"elements":[{"from":[19.3,-3.6499996,6.0],"to":[30.75,7.700001,8.0],"faces":{"east":{"uv":[3.75,9.75,3.5,12.75],"tintindex":0,"rotation":0,"texture":"#0"},"south":{"uv":[1.5,7.0,0.0,10.0],"tintindex":0,"rotation":0,"texture":"#0"},"north":{"uv":[0.0,7.25,1.375,10.0],"tintindex":0,"rotation":0,"texture":"#0"},"down":{"uv":[3.75,14.2375,3.5,11.5],"tintindex":0,"rotation":90,"texture":"#0"}},"rotation":{"origin":[8.0,19.0,6.0],"angle":-45.0,"axis":"z"}},{"from":[2.2999992,13.349998,6.0],"to":[13.75,24.7,8.0],"faces":{"south":{"uv":[1.5,10.0,0.0,13.0],"tintindex":0,"rotation":0,"texture":"#0"},"north":{"uv":[0.0,10.0,1.5,13.0],"tintindex":0,"rotation":0,"texture":"#0"},"west":{"uv":[1.75,8.9,1.5,11.7375],"tintindex":0,"rotation":0,"texture":"#0"},"up":{"uv":[1.75,11.1125,1.5,8.25],"tintindex":0,"rotation":90,"texture":"#0"}},"rotation":{"origin":[8.0,19.0,6.0],"angle":-45.0,"axis":"z"}},{"from":[-0.01,-12.01,5.99],"to":[16.01,26.01,8.01],"faces":{"east":{"uv":[1.5,6.5,1.75,16.0],"tintindex":0,"rotation":0,"texture":"#0"},"south":{"uv":[3.625,6.5,1.625,16.0],"tintindex":0,"rotation":0,"texture":"#0"},"north":{"uv":[1.625,6.5,3.625,16.0],"tintindex":0,"rotation":0,"texture":"#0"},"west":{"uv":[3.5,6.5,3.75,16.0],"tintindex":0,"rotation":0,"texture":"#0"}}}],"display":{"gui":{"rotation":[30,225,0]}}}