{"textures":{"0":"modelengine:entity/herald_of_light_core"},"elements":[{"from":[-4.25,5.0,18.5],"to":[20.75,11.0,20.5],"faces":{"east":{"uv":[0.0,0.0,0.25,1.5],"tintindex":0,"rotation":0,"texture":"#0"},"south":{"uv":[0.0,0.0,3.125,1.5],"tintindex":0,"rotation":0,"texture":"#0"},"north":{"uv":[1.375,1.5,4.5,3.0],"tintindex":0,"rotation":0,"texture":"#0"},"west":{"uv":[0.0,0.0,0.25,1.5],"tintindex":0,"rotation":0,"texture":"#0"},"up":{"uv":[0.75,4.5,3.875,4.0],"tintindex":0,"rotation":0,"texture":"#0"},"down":{"uv":[0.75,4.5,3.875,5.0],"tintindex":0,"rotation":0,"texture":"#0"}}},{"from":[-4.25,5.0,-2.5],"to":[-2.25,11.0,18.5],"faces":{"east":{"uv":[1.625,1.5,4.25,3.0],"tintindex":0,"rotation":0,"texture":"#0"},"south":{"uv":[0.0,0.0,0.25,1.5],"tintindex":0,"rotation":0,"texture":"#0"},"north":{"uv":[0.0,0.0,0.25,1.5],"tintindex":0,"rotation":0,"texture":"#0"},"west":{"uv":[0.0,0.0,2.625,1.5],"tintindex":0,"rotation":0,"texture":"#0"},"up":{"uv":[1.0,4.5,3.625,4.0],"tintindex":0,"rotation":90,"texture":"#0"},"down":{"uv":[1.0,5.0,3.625,4.5],"tintindex":0,"rotation":90,"texture":"#0"}}},{"from":[-4.25,5.0,-4.5],"to":[20.75,11.0,-2.5],"faces":{"east":{"uv":[0.0,0.0,0.25,1.5],"tintindex":0,"rotation":0,"texture":"#0"},"south":{"uv":[1.25,1.5,4.375,3.0],"tintindex":0,"rotation":0,"texture":"#0"},"north":{"uv":[1.375,0.0,4.5,1.5],"tintindex":0,"rotation":0,"texture":"#0"},"west":{"uv":[0.0,0.0,0.25,1.5],"tintindex":0,"rotation":0,"texture":"#0"},"up":{"uv":[0.75,4.0,3.875,4.5],"tintindex":0,"rotation":0,"texture":"#0"},"down":{"uv":[0.75,5.0,3.875,4.5],"tintindex":0,"rotation":0,"texture":"#0"}}},{"from":[18.75,5.0,-2.5],"to":[20.75,11.0,18.5],"faces":{"east":{"uv":[0.0,0.0,2.625,1.5],"tintindex":0,"rotation":0,"texture":"#0"},"south":{"uv":[0.0,0.0,0.25,1.5],"tintindex":0,"rotation":0,"texture":"#0"},"north":{"uv":[0.0,0.0,0.25,1.5],"tintindex":0,"rotation":0,"texture":"#0"},"west":{"uv":[1.625,1.5,4.25,3.0],"tintindex":0,"rotation":0,"texture":"#0"},"up":{"uv":[1.0,4.0,3.625,4.5],"tintindex":0,"rotation":90,"texture":"#0"},"down":{"uv":[1.0,4.5,3.625,5.0],"tintindex":0,"rotation":90,"texture":"#0"}}}],"display":{"gui":{"rotation":[30,225,0]}}}