{"textures":{"0":"modelengine:entity/herald_of_light_core"},"elements":[{"from":[-9.5,5.0,-9.5],"to":[25.5,11.0,-7.5],"faces":{"east":{"uv":[4.875,0.0,5.125,1.5],"tintindex":0,"rotation":0,"texture":"#0"},"south":{"uv":[0.75,1.5,5.125,3.0],"tintindex":0,"rotation":0,"texture":"#0"},"north":{"uv":[0.0,0.0,4.375,1.5],"tintindex":0,"rotation":0,"texture":"#0"},"west":{"uv":[0.75,0.0,1.0,1.5],"tintindex":0,"rotation":0,"texture":"#0"},"up":{"uv":[0.75,3.0,5.125,3.5],"tintindex":0,"rotation":0,"texture":"#0"},"down":{"uv":[0.75,4.0,5.125,3.5],"tintindex":0,"rotation":0,"texture":"#0"}}},{"from":[-9.5,5.0,-7.5],"to":[-7.5,11.0,23.5],"faces":{"east":{"uv":[1.0,1.5,4.875,3.0],"tintindex":0,"rotation":0,"texture":"#0"},"south":{"uv":[0.0,0.0,0.25,1.5],"tintindex":0,"rotation":0,"texture":"#0"},"north":{"uv":[0.0,0.0,0.25,1.5],"tintindex":0,"rotation":0,"texture":"#0"},"west":{"uv":[1.0,0.0,4.875,1.5],"tintindex":0,"rotation":0,"texture":"#0"},"up":{"uv":[1.0,3.5,4.875,3.0],"tintindex":0,"rotation":90,"texture":"#0"},"down":{"uv":[1.0,3.5,4.875,4.0],"tintindex":0,"rotation":270,"texture":"#0"}}},{"from":[-9.5,5.0,23.5],"to":[25.5,11.0,25.5],"faces":{"east":{"uv":[0.75,0.0,1.0,1.5],"tintindex":0,"rotation":0,"texture":"#0"},"south":{"uv":[0.0,0.0,4.375,1.5],"tintindex":0,"rotation":0,"texture":"#0"},"north":{"uv":[0.75,1.5,5.125,3.0],"tintindex":0,"rotation":0,"texture":"#0"},"west":{"uv":[4.875,0.0,5.125,1.5],"tintindex":0,"rotation":0,"texture":"#0"},"up":{"uv":[0.75,3.5,5.125,3.0],"tintindex":0,"rotation":0,"texture":"#0"},"down":{"uv":[5.125,3.5,0.75,4.0],"tintindex":0,"rotation":0,"texture":"#0"}}},{"from":[23.5,5.0,-7.5],"to":[25.5,11.0,23.5],"faces":{"east":{"uv":[1.0,0.0,4.875,1.5],"tintindex":0,"rotation":0,"texture":"#0"},"south":{"uv":[0.0,0.0,0.25,1.5],"tintindex":0,"rotation":0,"texture":"#0"},"north":{"uv":[0.0,0.0,0.25,1.5],"tintindex":0,"rotation":0,"texture":"#0"},"west":{"uv":[1.0,1.5,4.875,3.0],"tintindex":0,"rotation":0,"texture":"#0"},"up":{"uv":[1.0,3.0,4.875,3.5],"tintindex":0,"rotation":90,"texture":"#0"},"down":{"uv":[1.0,4.0,4.875,3.5],"tintindex":0,"rotation":270,"texture":"#0"}}}],"display":{"gui":{"rotation":[30,225,0]}}}