{"stats":{"minecraft:custom":{"minecraft:time_since_rest":306115,"minecraft:sprint_one_cm":251685,"minecraft:damage_taken":850,"minecraft:walk_one_cm":244981,"minecraft:mob_kills":5,"minecraft:drop":1,"minecraft:damage_dealt":15175,"minecraft:interact_with_cartography_table":6,"minecraft:swim_one_cm":438,"minecraft:tune_noteblock":5,"minecraft:fly_one_cm":1238835,"minecraft:open_chest":1,"minecraft:crouch_one_cm":16451,"minecraft:play_time":360089,"minecraft:deaths":2,"minecraft:sneak_time":7942,"minecraft:walk_under_water_one_cm":14113,"minecraft:jump":962,"minecraft:damage_dealt_resisted":38377,"minecraft:leave_game":15,"minecraft:time_since_death":306095,"minecraft:walk_on_water_one_cm":47,"minecraft:climb_one_cm":326,"minecraft:total_world_time":360089,"minecraft:fall_one_cm":7661},"minecraft:dropped":{"minecraft:filled_map":1},"minecraft:picked_up":{"minecraft:repeater":3,"minecraft:chicken":1,"minecraft:glow_item_frame":1,"minecraft:redstone":24,"minecraft:rotten_flesh":1,"minecraft:nether_star":1,"minecraft:egg":1},"minecraft:used":{"minecraft:deepslate_brick_wall":120,"minecraft:sticky_piston":81,"minecraft:glass":137,"minecraft:chiseled_polished_blackstone":4,"minecraft:netherite_sword":56,"minecraft:sea_lantern":8,"minecraft:daylight_detector":6,"minecraft:quartz_pillar":2,"minecraft:lodestone":1,"minecraft:smooth_quartz_slab":16,"minecraft:iron_block":46,"minecraft:grass_block":84,"minecraft:spruce_slab":72,"minecraft:redstone":176,"minecraft:map":5,"minecraft:cartography_table":2,"minecraft:quartz_block":39,"minecraft:light_blue_terracotta":1,"minecraft:lectern":3,"minecraft:spruce_planks":547,"minecraft:redstone_block":1,"minecraft:beacon":7,"minecraft:deepslate_bricks":341,"minecraft:item_frame":2,"minecraft:polished_blackstone_bricks":15,"minecraft:smooth_quartz_stairs":19,"minecraft:glow_item_frame":3,"minecraft:glowstone":103,"minecraft:repeater":65,"minecraft:cobblestone":65,"minecraft:spruce_stairs":267,"minecraft:chiseled_quartz_block":1,"minecraft:compass":2,"minecraft:spruce_log":637},"minecraft:killed":{"minecraft:chicken":1,"minecraft:vindicator":3,"minecraft:cow":1}},"DataVersion":3700}