{"stats":{"minecraft:custom":{"minecraft:jump":49,"minecraft:time_since_rest":5215,"minecraft:damage_dealt":0,"minecraft:sprint_one_cm":2902,"minecraft:deaths":2,"minecraft:crouch_one_cm":1843,"minecraft:damage_taken":560,"minecraft:leave_game":8,"minecraft:play_time":59189,"minecraft:walk_on_water_one_cm":47,"minecraft:time_since_death":5195,"minecraft:walk_one_cm":3886,"minecraft:sneak_time":354,"minecraft:climb_one_cm":326,"minecraft:total_world_time":59189,"minecraft:fly_one_cm":41562,"minecraft:damage_dealt_resisted":202},"minecraft:used":{"minecraft:grass_block":84}},"DataVersion":3700}