{"stats":{"minecraft:used":{"minecraft:item_frame":2,"minecraft:glass":129,"minecraft:glowstone":92,"minecraft:lodestone":1,"minecraft:grass_block":84,"minecraft:spruce_slab":39,"minecraft:spruce_stairs":170,"minecraft:quartz_block":39,"minecraft:spruce_planks":397,"minecraft:compass":2,"minecraft:spruce_log":376},"minecraft:custom":{"minecraft:time_since_rest":129967,"minecraft:open_chest":1,"minecraft:crouch_one_cm":13664,"minecraft:play_time":183941,"minecraft:sprint_one_cm":124919,"minecraft:deaths":2,"minecraft:damage_taken":700,"minecraft:walk_one_cm":136320,"minecraft:sneak_time":4711,"minecraft:walk_under_water_one_cm":5852,"minecraft:damage_dealt_resisted":202,"minecraft:jump":572,"minecraft:damage_dealt":0,"minecraft:leave_game":11,"minecraft:walk_on_water_one_cm":47,"minecraft:time_since_death":129947,"minecraft:climb_one_cm":326,"minecraft:total_world_time":183941,"minecraft:fall_one_cm":3859,"minecraft:tune_noteblock":5,"minecraft:fly_one_cm":584961}},"DataVersion":3700}