{"stats":{"minecraft:used":{"minecraft:deepslate_brick_wall":120,"minecraft:sticky_piston":44,"minecraft:glass":137,"minecraft:chiseled_polished_blackstone":4,"minecraft:netherite_sword":56,"minecraft:sea_lantern":4,"minecraft:quartz_pillar":1,"minecraft:daylight_detector":1,"minecraft:lodestone":1,"minecraft:smooth_quartz_slab":8,"minecraft:iron_block":27,"minecraft:grass_block":84,"minecraft:spruce_slab":72,"minecraft:redstone":60,"minecraft:quartz_block":39,"minecraft:light_blue_terracotta":1,"minecraft:lectern":3,"minecraft:spruce_planks":547,"minecraft:beacon":3,"minecraft:deepslate_bricks":172,"minecraft:item_frame":2,"minecraft:polished_blackstone_bricks":15,"minecraft:smooth_quartz_stairs":9,"minecraft:glow_item_frame":3,"minecraft:repeater":27,"minecraft:glowstone":103,"minecraft:cobblestone":65,"minecraft:spruce_stairs":267,"minecraft:chiseled_quartz_block":1,"minecraft:compass":2,"minecraft:spruce_log":637},"minecraft:custom":{"minecraft:time_since_rest":244021,"minecraft:sprint_one_cm":232700,"minecraft:walk_one_cm":219552,"minecraft:damage_taken":850,"minecraft:mob_kills":5,"minecraft:damage_dealt":15175,"minecraft:swim_one_cm":438,"minecraft:tune_noteblock":5,"minecraft:fly_one_cm":999761,"minecraft:open_chest":1,"minecraft:crouch_one_cm":16135,"minecraft:play_time":297995,"minecraft:deaths":2,"minecraft:sneak_time":7119,"minecraft:walk_under_water_one_cm":14113,"minecraft:jump":897,"minecraft:damage_dealt_resisted":38377,"minecraft:leave_game":12,"minecraft:time_since_death":244001,"minecraft:walk_on_water_one_cm":47,"minecraft:total_world_time":297995,"minecraft:climb_one_cm":326,"minecraft:fall_one_cm":7437},"minecraft:killed":{"minecraft:chicken":1,"minecraft:vindicator":3,"minecraft:cow":1},"minecraft:picked_up":{"minecraft:chicken":1,"minecraft:glow_item_frame":1,"minecraft:redstone":6,"minecraft:rotten_flesh":1,"minecraft:nether_star":1,"minecraft:egg":1}},"DataVersion":3700}