{"stats":{"minecraft:custom":{"minecraft:open_chest":1,"minecraft:time_since_rest":99339,"minecraft:crouch_one_cm":9381,"minecraft:play_time":153313,"minecraft:sprint_one_cm":98022,"minecraft:deaths":2,"minecraft:damage_taken":570,"minecraft:walk_one_cm":80432,"minecraft:sneak_time":2860,"minecraft:walk_under_water_one_cm":2303,"minecraft:damage_dealt_resisted":202,"minecraft:jump":398,"minecraft:damage_dealt":0,"minecraft:leave_game":10,"minecraft:walk_on_water_one_cm":47,"minecraft:time_since_death":99319,"minecraft:climb_one_cm":326,"minecraft:total_world_time":153313,"minecraft:fall_one_cm":1472,"minecraft:tune_noteblock":5,"minecraft:fly_one_cm":345891},"minecraft:used":{"minecraft:item_frame":2,"minecraft:glass":129,"minecraft:glowstone":92,"minecraft:lodestone":1,"minecraft:grass_block":84,"minecraft:spruce_stairs":83,"minecraft:quartz_block":36,"minecraft:spruce_planks":123,"minecraft:compass":2,"minecraft:spruce_log":253}},"DataVersion":3700}