{"stats":{"minecraft:custom":{"minecraft:time_since_rest":63339,"minecraft:crouch_one_cm":4592,"minecraft:play_time":117313,"minecraft:sprint_one_cm":38159,"minecraft:deaths":2,"minecraft:damage_taken":570,"minecraft:walk_one_cm":22327,"minecraft:sneak_time":980,"minecraft:walk_under_water_one_cm":2303,"minecraft:damage_dealt_resisted":202,"minecraft:jump":196,"minecraft:damage_dealt":0,"minecraft:leave_game":10,"minecraft:walk_on_water_one_cm":47,"minecraft:time_since_death":63319,"minecraft:climb_one_cm":326,"minecraft:total_world_time":117313,"minecraft:fall_one_cm":1472,"minecraft:tune_noteblock":5,"minecraft:fly_one_cm":133277},"minecraft:used":{"minecraft:item_frame":2,"minecraft:glass":1,"minecraft:glowstone":52,"minecraft:lodestone":1,"minecraft:grass_block":84,"minecraft:spruce_stairs":7,"minecraft:compass":2,"minecraft:spruce_log":10}},"DataVersion":3700}