{"stats":{"minecraft:custom":{"minecraft:jump":79,"minecraft:time_since_rest":17198,"minecraft:damage_taken":560,"minecraft:walk_one_cm":7408,"minecraft:damage_dealt":0,"minecraft:crouch_one_cm":1920,"minecraft:leave_game":8,"minecraft:sprint_one_cm":12557,"minecraft:play_time":71172,"minecraft:time_since_death":17178,"minecraft:walk_on_water_one_cm":47,"minecraft:deaths":2,"minecraft:sneak_time":363,"minecraft:total_world_time":71172,"minecraft:climb_one_cm":326,"minecraft:tune_noteblock":5,"minecraft:fly_one_cm":70987,"minecraft:damage_dealt_resisted":202},"minecraft:used":{"minecraft:grass_block":84}},"DataVersion":3700}