{"stats":{"minecraft:custom":{"minecraft:open_chest":1,"minecraft:time_since_rest":111339,"minecraft:crouch_one_cm":11130,"minecraft:play_time":165313,"minecraft:sprint_one_cm":105510,"minecraft:deaths":2,"minecraft:damage_taken":570,"minecraft:walk_one_cm":103076,"minecraft:sneak_time":3501,"minecraft:walk_under_water_one_cm":2303,"minecraft:damage_dealt_resisted":202,"minecraft:jump":476,"minecraft:damage_dealt":0,"minecraft:leave_game":10,"minecraft:walk_on_water_one_cm":47,"minecraft:time_since_death":111319,"minecraft:climb_one_cm":326,"minecraft:total_world_time":165313,"minecraft:fall_one_cm":1472,"minecraft:tune_noteblock":5,"minecraft:fly_one_cm":459555},"minecraft:used":{"minecraft:item_frame":2,"minecraft:glass":129,"minecraft:glowstone":92,"minecraft:lodestone":1,"minecraft:grass_block":84,"minecraft:spruce_slab":8,"minecraft:spruce_stairs":93,"minecraft:quartz_block":39,"minecraft:spruce_planks":198,"minecraft:compass":2,"minecraft:spruce_log":367}},"DataVersion":3700}