{"stats":{"minecraft:custom":{"minecraft:jump":167,"minecraft:time_since_rest":48474,"minecraft:damage_taken":570,"minecraft:walk_one_cm":14535,"minecraft:damage_dealt":0,"minecraft:crouch_one_cm":1920,"minecraft:leave_game":9,"minecraft:sprint_one_cm":34205,"minecraft:play_time":102448,"minecraft:time_since_death":48454,"minecraft:walk_on_water_one_cm":47,"minecraft:deaths":2,"minecraft:sneak_time":435,"minecraft:total_world_time":102448,"minecraft:climb_one_cm":326,"minecraft:tune_noteblock":5,"minecraft:fall_one_cm":1472,"minecraft:fly_one_cm":130606,"minecraft:damage_dealt_resisted":202},"minecraft:used":{"minecraft:grass_block":84}},"DataVersion":3700}