{"stats":{"minecraft:used":{"minecraft:item_frame":2,"minecraft:glass":129,"minecraft:netherite_sword":55,"minecraft:glowstone":92,"minecraft:lodestone":1,"minecraft:grass_block":84,"minecraft:spruce_slab":39,"minecraft:spruce_stairs":170,"minecraft:quartz_block":39,"minecraft:light_blue_terracotta":1,"minecraft:spruce_planks":397,"minecraft:compass":2,"minecraft:spruce_log":376},"minecraft:custom":{"minecraft:time_since_rest":153967,"minecraft:open_chest":1,"minecraft:crouch_one_cm":13693,"minecraft:play_time":207941,"minecraft:sprint_one_cm":132966,"minecraft:deaths":2,"minecraft:damage_taken":720,"minecraft:walk_one_cm":139138,"minecraft:sneak_time":4815,"minecraft:walk_under_water_one_cm":7365,"minecraft:mob_kills":4,"minecraft:damage_dealt_resisted":38377,"minecraft:jump":603,"minecraft:damage_dealt":15100,"minecraft:leave_game":11,"minecraft:walk_on_water_one_cm":47,"minecraft:time_since_death":153947,"minecraft:climb_one_cm":326,"minecraft:total_world_time":207941,"minecraft:fall_one_cm":4552,"minecraft:tune_noteblock":5,"minecraft:fly_one_cm":616908},"minecraft:killed":{"minecraft:vindicator":3,"minecraft:cow":1}},"DataVersion":3700}