{"stats":{"minecraft:custom":{"minecraft:time_since_rest":87339,"minecraft:crouch_one_cm":6097,"minecraft:play_time":141313,"minecraft:sprint_one_cm":88087,"minecraft:deaths":2,"minecraft:damage_taken":570,"minecraft:walk_one_cm":70710,"minecraft:sneak_time":1838,"minecraft:walk_under_water_one_cm":2303,"minecraft:damage_dealt_resisted":202,"minecraft:jump":357,"minecraft:damage_dealt":0,"minecraft:leave_game":10,"minecraft:walk_on_water_one_cm":47,"minecraft:time_since_death":87319,"minecraft:climb_one_cm":326,"minecraft:total_world_time":141313,"minecraft:fall_one_cm":1472,"minecraft:tune_noteblock":5,"minecraft:fly_one_cm":245421},"minecraft:used":{"minecraft:item_frame":2,"minecraft:glass":129,"minecraft:glowstone":92,"minecraft:lodestone":1,"minecraft:grass_block":84,"minecraft:spruce_stairs":45,"minecraft:spruce_planks":123,"minecraft:compass":2,"minecraft:spruce_log":190}},"DataVersion":3700}