{"stats":{"minecraft:custom":{"minecraft:time_since_rest":75339,"minecraft:crouch_one_cm":5669,"minecraft:play_time":129313,"minecraft:sprint_one_cm":78558,"minecraft:deaths":2,"minecraft:damage_taken":570,"minecraft:walk_one_cm":66246,"minecraft:sneak_time":1469,"minecraft:walk_under_water_one_cm":2303,"minecraft:damage_dealt_resisted":202,"minecraft:jump":327,"minecraft:damage_dealt":0,"minecraft:leave_game":10,"minecraft:walk_on_water_one_cm":47,"minecraft:time_since_death":75319,"minecraft:climb_one_cm":326,"minecraft:total_world_time":129313,"minecraft:fall_one_cm":1472,"minecraft:tune_noteblock":5,"minecraft:fly_one_cm":177629},"minecraft:used":{"minecraft:item_frame":2,"minecraft:glass":1,"minecraft:glowstone":70,"minecraft:lodestone":1,"minecraft:grass_block":84,"minecraft:spruce_stairs":27,"minecraft:spruce_planks":123,"minecraft:compass":2,"minecraft:spruce_log":130}},"DataVersion":3700}