{"stats":{"minecraft:used":{"minecraft:item_frame":2,"minecraft:glass":129,"minecraft:netherite_sword":56,"minecraft:glowstone":97,"minecraft:cobblestone":40,"minecraft:lodestone":1,"minecraft:grass_block":84,"minecraft:spruce_slab":71,"minecraft:spruce_stairs":267,"minecraft:quartz_block":39,"minecraft:light_blue_terracotta":1,"minecraft:lectern":2,"minecraft:spruce_planks":547,"minecraft:compass":2,"minecraft:spruce_log":607},"minecraft:custom":{"minecraft:time_since_rest":208021,"minecraft:open_chest":1,"minecraft:crouch_one_cm":15624,"minecraft:play_time":261995,"minecraft:sprint_one_cm":188930,"minecraft:deaths":2,"minecraft:damage_taken":850,"minecraft:walk_one_cm":180359,"minecraft:sneak_time":6223,"minecraft:walk_under_water_one_cm":7365,"minecraft:mob_kills":5,"minecraft:damage_dealt_resisted":38377,"minecraft:jump":801,"minecraft:damage_dealt":15166,"minecraft:leave_game":12,"minecraft:walk_on_water_one_cm":47,"minecraft:time_since_death":208001,"minecraft:climb_one_cm":326,"minecraft:total_world_time":261995,"minecraft:fall_one_cm":7437,"minecraft:tune_noteblock":5,"minecraft:fly_one_cm":811770},"minecraft:killed":{"minecraft:vindicator":3,"minecraft:chicken":1,"minecraft:cow":1},"minecraft:picked_up":{"minecraft:chicken":1,"minecraft:rotten_flesh":1,"minecraft:egg":1}},"DataVersion":3700}