{"textures":{"2":"modelengine:entity/herald_of_light_effects"},"elements":[{"from":[3.0,13.0,3.0],"to":[13.0,13.0,13.0],"faces":{"down":{"uv":[1.875,12.75,2.875,13.75],"tintindex":0,"rotation":0,"texture":"#2"}}},{"from":[3.0,3.0,3.0],"to":[13.0,13.0,3.0],"faces":{"south":{"uv":[1.875,12.75,2.875,13.75],"tintindex":0,"rotation":0,"texture":"#2"}}},{"from":[3.0,3.0,3.0],"to":[3.0,13.0,13.0],"faces":{"east":{"uv":[1.875,12.75,2.875,13.75],"tintindex":0,"rotation":0,"texture":"#2"}}},{"from":[3.0,3.0,3.0],"to":[13.0,3.0,13.0],"faces":{"up":{"uv":[1.875,12.75,2.875,13.75],"tintindex":0,"rotation":0,"texture":"#2"}}},{"from":[3.0,3.0,13.0],"to":[13.0,13.0,13.0],"faces":{"north":{"uv":[1.875,12.75,2.875,13.75],"tintindex":0,"rotation":0,"texture":"#2"}}},{"from":[13.0,3.0,3.0],"to":[13.0,13.0,13.0],"faces":{"west":{"uv":[1.875,12.75,2.875,13.75],"tintindex":0,"rotation":0,"texture":"#2"}}},{"from":[4.0,4.0,4.0],"to":[12.0,12.0,12.0],"faces":{"east":{"uv":[1.875,13.75,2.875,14.75],"tintindex":0,"rotation":0,"texture":"#2"},"south":{"uv":[1.875,13.75,2.875,14.75],"tintindex":0,"rotation":0,"texture":"#2"},"north":{"uv":[1.875,13.75,2.875,14.75],"tintindex":0,"rotation":0,"texture":"#2"},"west":{"uv":[1.875,13.75,2.875,14.75],"tintindex":0,"rotation":0,"texture":"#2"},"up":{"uv":[1.875,13.75,2.875,14.75],"tintindex":0,"rotation":0,"texture":"#2"},"down":{"uv":[1.875,13.75,2.875,14.75],"tintindex":0,"rotation":0,"texture":"#2"}}}],"display":{"gui":{"rotation":[30,225,0]}}}