{"textures":{"1":"modelengine:entity/herald_of_light"},"elements":[{"from":[3.0,-7.0,6.0],"to":[13.0,9.0,8.0],"faces":{"east":{"uv":[5.125,0.125,5.25,2.125],"tintindex":0,"rotation":0,"texture":"#1"},"south":{"uv":[5.1875,0.125,5.8125,2.125],"tintindex":0,"rotation":0,"texture":"#1"},"north":{"uv":[5.1875,0.125,5.8125,2.125],"tintindex":0,"rotation":0,"texture":"#1"},"west":{"uv":[5.25,0.125,5.125,2.125],"tintindex":0,"rotation":0,"texture":"#1"},"up":{"uv":[5.1875,0.25,5.8125,0.0],"tintindex":0,"rotation":0,"texture":"#1"},"down":{"uv":[5.1875,2.25,5.8125,2.0],"tintindex":0,"rotation":0,"texture":"#1"}}},{"from":[2.0,-16.0,7.0],"to":[2.0,8.0,9.0],"faces":{"east":{"uv":[5.8125,0.125,5.9375,3.125],"tintindex":0,"rotation":0,"texture":"#1"},"west":{"uv":[5.9375,0.125,5.8125,3.125],"tintindex":0,"rotation":0,"texture":"#1"}}},{"from":[2.0,-16.0,7.0],"to":[14.0,8.0,7.0],"faces":{"south":{"uv":[6.625,0.125,5.875,3.125],"tintindex":0,"rotation":0,"texture":"#1"},"north":{"uv":[5.875,0.125,6.625,3.125],"tintindex":0,"rotation":0,"texture":"#1"}}},{"from":[14.0,-16.0,7.0],"to":[14.0,8.0,9.0],"faces":{"east":{"uv":[5.8125,0.125,5.9375,3.125],"tintindex":0,"rotation":0,"texture":"#1"},"west":{"uv":[5.9375,0.125,5.8125,3.125],"tintindex":0,"rotation":0,"texture":"#1"}}},{"from":[2.0,8.0,7.0],"to":[14.0,8.0,9.0],"faces":{"up":{"uv":[5.875,0.0,6.625,0.25],"tintindex":0,"rotation":0,"texture":"#1"},"down":{"uv":[5.875,0.0,6.625,0.25],"tintindex":0,"rotation":0,"texture":"#1"}}}],"display":{"gui":{"rotation":[30,225,0]}}}