{"textures":{"1":"modelengine:entity/herald_of_light"},"elements":[{"from":[4.0,2.0,2.0],"to":[4.0,14.0,14.0],"faces":{"east":{"uv":[3.8125,7.0,4.5625,8.5],"tintindex":0,"rotation":0,"texture":"#1"},"west":{"uv":[3.8125,7.0,4.5625,8.5],"tintindex":0,"rotation":0,"texture":"#1"}}},{"from":[4.0,2.0,14.0],"to":[14.0,14.0,14.0],"faces":{"south":{"uv":[2.625,7.0,3.25,8.5],"tintindex":0,"rotation":0,"texture":"#1"},"north":{"uv":[3.25,7.0,2.625,8.5],"tintindex":0,"rotation":0,"texture":"#1"}}},{"from":[4.0,2.0,2.0],"to":[14.0,2.0,14.0],"faces":{"up":{"uv":[5.75,9.875,5.125,8.375],"tintindex":0,"rotation":0,"texture":"#1"},"down":{"uv":[5.75,8.375,5.125,9.875],"tintindex":0,"rotation":0,"texture":"#1"}}},{"from":[4.0,2.0,2.0],"to":[14.0,14.0,2.0],"faces":{"south":{"uv":[5.75,7.0,5.125,8.5],"tintindex":0,"rotation":0,"texture":"#1"},"north":{"uv":[5.125,7.0,5.75,8.5],"tintindex":0,"rotation":0,"texture":"#1"}}},{"from":[4.0,14.0,2.0],"to":[14.0,14.0,14.0],"faces":{"up":{"uv":[5.75,7.125,5.125,5.625],"tintindex":0,"rotation":0,"texture":"#1"},"down":{"uv":[5.75,5.625,5.125,7.125],"tintindex":0,"rotation":0,"texture":"#1"}}},{"from":[14.0,2.0,2.0],"to":[14.0,14.0,14.0],"faces":{"east":{"uv":[3.75,8.5,4.5,10.0],"tintindex":0,"rotation":0,"texture":"#1"},"west":{"uv":[3.75,8.5,4.5,10.0],"tintindex":0,"rotation":0,"texture":"#1"}}}],"display":{"gui":{"rotation":[30,225,0]}}}