{"textures":{"1":"modelengine:entity/herald_of_light"},"elements":[{"from":[-11.0,6.0,1.5],"to":[-6.0,11.0,15.5],"faces":{"south":{"uv":[13.6875,11.75,13.375,12.375],"tintindex":0,"rotation":0,"texture":"#1"},"north":{"uv":[13.375,11.75,13.6875,12.375],"tintindex":0,"rotation":0,"texture":"#1"},"west":{"uv":[13.6875,11.75,14.5625,12.375],"tintindex":0,"rotation":0,"texture":"#1"},"up":{"uv":[13.6875,11.125,14.5625,11.75],"tintindex":0,"rotation":90,"texture":"#1"},"down":{"uv":[13.6875,13.0,14.5625,12.375],"tintindex":0,"rotation":90,"texture":"#1"}}},{"from":[-6.0,6.0,1.5],"to":[8.0,16.0,15.5],"faces":{"east":{"uv":[13.375,14.75,14.25,16.0],"tintindex":0,"rotation":0,"texture":"#1"},"south":{"uv":[15.125,14.75,14.25,16.0],"tintindex":0,"rotation":0,"texture":"#1"},"north":{"uv":[14.25,14.75,15.125,16.0],"tintindex":0,"rotation":0,"texture":"#1"},"west":{"uv":[15.125,14.75,16.0,16.0],"tintindex":0,"rotation":0,"texture":"#1"},"up":{"uv":[14.25,14.75,13.375,13.0],"tintindex":0,"rotation":0,"texture":"#1"},"down":{"uv":[15.125,13.0,14.25,14.75],"tintindex":0,"rotation":0,"texture":"#1"}}}],"display":{"gui":{"rotation":[30,225,0]}}}