{"textures":{"1":"modelengine:entity/herald_of_light"},"elements":[{"from":[7.495,7.995,5.495],"to":[9.505,8.005,10.505],"faces":{"up":{"uv":[7.375,0.0,8.0,0.5],"tintindex":0,"rotation":90,"texture":"#1"},"down":{"uv":[7.375,0.0,8.0,0.5],"tintindex":0,"rotation":90,"texture":"#1"}}},{"from":[7.495,-1.0050001,5.495],"to":[9.505,8.005,5.505],"faces":{"south":{"uv":[7.4375,0.375,7.1875,2.625],"tintindex":0,"rotation":0,"texture":"#1"},"north":{"uv":[7.1875,0.375,7.4375,2.625],"tintindex":0,"rotation":0,"texture":"#1"}}},{"from":[7.495,-1.0050001,5.495],"to":[7.505,8.005,10.505],"faces":{"east":{"uv":[7.375,0.375,8.0,2.625],"tintindex":0,"rotation":0,"texture":"#1"},"west":{"uv":[7.375,0.375,8.0,2.625],"tintindex":0,"rotation":0,"texture":"#1"}}},{"from":[7.5,-8.0,10.5],"to":[9.5,-1.0,10.5],"faces":{"south":{"uv":[7.4375,2.625,7.1875,4.375],"tintindex":0,"rotation":0,"texture":"#1"},"north":{"uv":[7.1875,2.625,7.4375,4.375],"tintindex":0,"rotation":0,"texture":"#1"}},"rotation":{"origin":[9.5,-1.0,8.0],"angle":-22.5,"axis":"z"}},{"from":[7.0,1.0,6.0],"to":[8.0,8.5,10.0],"faces":{"east":{"uv":[6.6875,0.125,7.1875,2.0],"tintindex":0,"rotation":0,"texture":"#1"},"south":{"uv":[6.75,0.125,6.625,2.0],"tintindex":0,"rotation":0,"texture":"#1"},"north":{"uv":[6.625,0.125,6.75,2.0],"tintindex":0,"rotation":0,"texture":"#1"},"west":{"uv":[6.6875,0.125,7.1875,2.0],"tintindex":0,"rotation":0,"texture":"#1"},"up":{"uv":[6.6875,0.0,7.1875,0.25],"tintindex":0,"rotation":90,"texture":"#1"},"down":{"uv":[6.6875,2.125,7.1875,1.875],"tintindex":0,"rotation":90,"texture":"#1"}}},{"from":[7.5,-8.0,5.5],"to":[7.5,-1.0,10.5],"faces":{"east":{"uv":[7.375,2.625,8.0,4.375],"tintindex":0,"rotation":0,"texture":"#1"},"west":{"uv":[8.0,2.625,7.375,4.375],"tintindex":0,"rotation":0,"texture":"#1"}},"rotation":{"origin":[9.5,-1.0,8.0],"angle":-22.5,"axis":"z"}},{"from":[7.495,-1.0050001,10.495],"to":[9.505,8.005,10.505],"faces":{"south":{"uv":[7.4375,0.375,7.1875,2.625],"tintindex":0,"rotation":0,"texture":"#1"},"north":{"uv":[7.1875,0.375,7.4375,2.625],"tintindex":0,"rotation":0,"texture":"#1"}}},{"from":[7.5,-8.0,5.5],"to":[9.5,-1.0,5.5],"faces":{"south":{"uv":[7.4375,2.625,7.1875,4.375],"tintindex":0,"rotation":0,"texture":"#1"},"north":{"uv":[7.1875,2.625,7.4375,4.375],"tintindex":0,"rotation":0,"texture":"#1"}},"rotation":{"origin":[9.5,-1.0,8.0],"angle":-22.5,"axis":"z"}}],"display":{"gui":{"rotation":[30,225,0]}}}