{"textures":{"2":"modelengine:entity/herald_of_light_effects"},"elements":[{"from":[-3.333334,0.33333302,8.0],"to":[8.0,8.0,8.0],"faces":{"south":{"uv":[12.625,3.25,8.375,6.125],"tintindex":0,"rotation":0,"texture":"#2"},"north":{"uv":[8.375,3.25,12.625,6.125],"tintindex":0,"rotation":0,"texture":"#2"}}},{"from":[-11.333334,0.33333302,8.0],"to":[-3.333334,16.666668,8.0],"faces":{"south":{"uv":[15.625,0.0,12.625,6.125],"tintindex":0,"rotation":0,"texture":"#2"},"north":{"uv":[12.625,0.0,15.625,6.125],"tintindex":0,"rotation":0,"texture":"#2"}},"rotation":{"origin":[-3.333334,4.6666665,8.0],"angle":-22.5,"axis":"y"}}],"display":{"gui":{"rotation":[30,225,0]}}}