{"textures":{"1":"modelengine:entity/herald_of_light","2":"modelengine:entity/herald_of_light_effects"},"elements":[{"from":[4.0,-12.0,3.0],"to":[12.0,8.0,13.0],"faces":{"east":{"uv":[0.0,2.5,0.625,5.0],"tintindex":0,"rotation":0,"texture":"#1"},"south":{"uv":[1.125,0.0,0.625,2.5],"tintindex":0,"rotation":0,"texture":"#1"},"north":{"uv":[0.625,2.5,1.125,5.0],"tintindex":0,"rotation":0,"texture":"#1"},"west":{"uv":[0.0,0.0,0.625,2.5],"tintindex":0,"rotation":0,"texture":"#1"},"up":{"uv":[2.875,16.0,1.875,14.75],"tintindex":0,"rotation":0,"texture":"#2"},"down":{"uv":[1.625,2.5,1.125,1.25],"tintindex":0,"rotation":0,"texture":"#1"}}},{"from":[3.7,-4.3,2.7],"to":[12.3,5.3,13.3],"faces":{"east":{"uv":[0.0,2.875,0.625,4.0],"tintindex":0,"rotation":0,"texture":"#1"},"south":{"uv":[1.125,0.375,0.625,1.5],"tintindex":0,"rotation":0,"texture":"#1"},"north":{"uv":[0.625,2.875,1.125,4.0],"tintindex":0,"rotation":0,"texture":"#1"},"west":{"uv":[0.0,0.375,0.625,1.5],"tintindex":0,"rotation":0,"texture":"#1"}}},{"from":[2.0,3.0,3.0],"to":[5.0,11.0,11.0],"faces":{"east":{"uv":[0.75,5.25,1.25,6.25],"tintindex":0,"rotation":270,"texture":"#1"},"south":{"uv":[0.5625,5.25,0.75,6.25],"tintindex":0,"rotation":0,"texture":"#1"},"north":{"uv":[0.625,6.125,0.125,6.5],"tintindex":0,"rotation":90,"texture":"#1"},"west":{"uv":[0.125,5.25,0.625,6.25],"tintindex":0,"rotation":0,"texture":"#1"},"up":{"uv":[0.125,5.0,0.625,5.375],"tintindex":0,"rotation":90,"texture":"#1"},"down":{"uv":[0.625,6.5,0.125,6.125],"tintindex":0,"rotation":90,"texture":"#1"}},"rotation":{"origin":[8.0,8.0,8.0],"angle":-45.0,"axis":"x"}},{"from":[2.1000004,-2.0,-2.0],"to":[4.1000004,4.0,4.0],"faces":{"south":{"uv":[1.5625,3.75,1.6875,4.5],"tintindex":0,"rotation":0,"texture":"#1"},"north":{"uv":[1.1875,3.75,1.3125,4.5],"tintindex":0,"rotation":0,"texture":"#1"},"west":{"uv":[1.25,3.75,1.625,4.5],"tintindex":0,"rotation":0,"texture":"#1"},"up":{"uv":[1.5625,4.5,1.6875,3.75],"tintindex":0,"rotation":0,"texture":"#1"},"down":{"uv":[1.625,4.625,1.25,4.375],"tintindex":0,"rotation":90,"texture":"#1"}},"rotation":{"origin":[8.0,8.0,8.0],"angle":-45.0,"axis":"x"}}],"display":{"gui":{"rotation":[30,225,0]}}}