{"textures":{"1":"modelengine:entity/herald_of_light"},"elements":[{"from":[2.0,8.0,4.0],"to":[14.0,21.0,12.0],"faces":{"east":{"uv":[1.625,10.125,2.125,11.75],"tintindex":0,"rotation":0,"texture":"#1"},"south":{"uv":[0.9375,10.125,1.6875,11.75],"tintindex":0,"rotation":0,"texture":"#1"},"north":{"uv":[2.0625,10.125,2.8125,11.75],"tintindex":0,"rotation":0,"texture":"#1"},"west":{"uv":[1.625,10.125,2.125,11.75],"tintindex":0,"rotation":0,"texture":"#1"},"up":{"uv":[2.0625,12.625,2.8125,13.625],"tintindex":0,"rotation":0,"texture":"#1"},"down":{"uv":[2.0625,11.625,2.8125,12.625],"tintindex":0,"rotation":0,"texture":"#1"}}},{"from":[3.0,-2.0,5.0],"to":[13.0,8.0,11.0],"faces":{"east":{"uv":[0.0,1.25,0.375,0.0],"tintindex":0,"rotation":0,"texture":"#1"},"south":{"uv":[0.0625,1.25,0.6875,0.0],"tintindex":0,"rotation":0,"texture":"#1"},"north":{"uv":[0.0625,1.25,0.6875,0.0],"tintindex":0,"rotation":0,"texture":"#1"},"west":{"uv":[0.0,1.25,0.375,0.0],"tintindex":0,"rotation":0,"texture":"#1"}}},{"from":[1.7,7.7,3.7],"to":[14.3,15.3,12.3],"faces":{"east":{"uv":[1.625,10.875,2.125,11.75],"tintindex":0,"rotation":0,"texture":"#1"},"south":{"uv":[0.9375,10.875,1.6875,11.75],"tintindex":0,"rotation":0,"texture":"#1"},"north":{"uv":[2.0625,10.875,2.8125,11.75],"tintindex":0,"rotation":0,"texture":"#1"},"west":{"uv":[1.625,10.875,2.125,11.75],"tintindex":0,"rotation":0,"texture":"#1"},"down":{"uv":[2.0625,11.625,2.8125,12.625],"tintindex":0,"rotation":0,"texture":"#1"}}}],"display":{"gui":{"rotation":[30,225,0]}}}