{"textures":{"2":"modelengine:entity/herald_of_light_effects"},"elements":[{"from":[8.0,5.0,-14.5],"to":[8.0,11.0,8.0],"faces":{"east":{"uv":[7.5,11.25,1.875,12.75],"tintindex":0,"rotation":0,"texture":"#2"},"west":{"uv":[1.875,11.25,7.5,12.75],"tintindex":0,"rotation":0,"texture":"#2"}}},{"from":[5.0,8.0,-14.5],"to":[11.0,8.0,8.0],"faces":{"up":{"uv":[7.5,12.75,1.875,11.25],"tintindex":0,"rotation":270,"texture":"#2"},"down":{"uv":[1.875,12.75,7.5,11.25],"tintindex":0,"rotation":270,"texture":"#2"}}}],"display":{"gui":{"rotation":[30,225,0]}}}