{"textures":{"2":"modelengine:entity/herald_of_light_effects"},"elements":[{"from":[-0.01,-12.01,-9.01],"to":[16.01,26.01,-6.99],"faces":{"east":{"uv":[1.5,6.5,1.75,11.25],"tintindex":0,"rotation":0,"texture":"#2"},"south":{"uv":[3.625,6.5,1.625,11.25],"tintindex":0,"rotation":0,"texture":"#2"},"north":{"uv":[1.625,6.5,3.625,11.25],"tintindex":0,"rotation":0,"texture":"#2"},"west":{"uv":[3.5,6.5,3.75,11.25],"tintindex":0,"rotation":0,"texture":"#2"}}},{"from":[-0.01,-12.01,22.99],"to":[16.01,26.01,25.01],"faces":{"east":{"uv":[3.5,6.5,3.75,11.25],"tintindex":0,"rotation":0,"texture":"#2"},"south":{"uv":[1.625,6.5,3.625,11.25],"tintindex":0,"rotation":0,"texture":"#2"},"north":{"uv":[3.625,6.5,1.625,11.25],"tintindex":0,"rotation":0,"texture":"#2"},"west":{"uv":[1.5,6.5,1.75,11.25],"tintindex":0,"rotation":0,"texture":"#2"}}},{"from":[23.0,-3.6499996,19.3],"to":[25.0,7.700001,30.75],"faces":{"east":{"uv":[0.0,8.125,1.375,9.5],"tintindex":0,"rotation":0,"texture":"#2"},"south":{"uv":[3.75,8.125,3.5,9.625],"tintindex":0,"rotation":0,"texture":"#2"},"west":{"uv":[1.5,8.0,0.0,9.5],"tintindex":0,"rotation":0,"texture":"#2"},"down":{"uv":[3.75,10.36875,3.5,9.0],"tintindex":0,"rotation":0,"texture":"#2"}},"rotation":{"origin":[25.0,19.0,8.0],"angle":45.0,"axis":"x"}},{"from":[-14.75,-3.6499996,23.0],"to":[-3.3000002,7.700001,25.0],"faces":{"south":{"uv":[0.0,8.125,1.375,9.5],"tintindex":0,"rotation":0,"texture":"#2"},"north":{"uv":[1.5,8.0,0.0,9.5],"tintindex":0,"rotation":0,"texture":"#2"},"west":{"uv":[3.75,8.125,3.5,9.625],"tintindex":0,"rotation":0,"texture":"#2"},"down":{"uv":[3.75,10.36875,3.5,9.0],"tintindex":0,"rotation":270,"texture":"#2"}},"rotation":{"origin":[8.0,19.0,25.0],"angle":45.0,"axis":"z"}},{"from":[2.25,13.349998,23.0],"to":[13.7,24.7,25.0],"faces":{"east":{"uv":[1.75,8.95,1.5,10.36875],"tintindex":0,"rotation":0,"texture":"#2"},"south":{"uv":[0.0,9.5,1.5,11.0],"tintindex":0,"rotation":0,"texture":"#2"},"north":{"uv":[1.5,9.5,0.0,11.0],"tintindex":0,"rotation":0,"texture":"#2"},"up":{"uv":[1.75,10.05625,1.5,8.625],"tintindex":0,"rotation":270,"texture":"#2"}},"rotation":{"origin":[8.0,19.0,25.0],"angle":45.0,"axis":"z"}},{"from":[-9.01,-12.01,-0.01],"to":[-6.99,26.01,16.01],"faces":{"east":{"uv":[3.625,6.5,1.625,11.25],"tintindex":0,"rotation":0,"texture":"#2"},"south":{"uv":[3.5,6.5,3.75,11.25],"tintindex":0,"rotation":0,"texture":"#2"},"north":{"uv":[1.5,6.5,1.75,11.25],"tintindex":0,"rotation":0,"texture":"#2"},"west":{"uv":[1.625,6.5,3.625,11.25],"tintindex":0,"rotation":0,"texture":"#2"}}},{"from":[23.0,13.349998,2.3000002],"to":[25.0,24.7,13.75],"faces":{"east":{"uv":[0.0,9.5,1.5,11.0],"tintindex":0,"rotation":0,"texture":"#2"},"north":{"uv":[1.75,8.95,1.5,10.36875],"tintindex":0,"rotation":0,"texture":"#2"},"west":{"uv":[1.5,9.5,0.0,11.0],"tintindex":0,"rotation":0,"texture":"#2"},"up":{"uv":[1.75,10.05625,1.5,8.625],"tintindex":0,"rotation":180,"texture":"#2"}},"rotation":{"origin":[25.0,19.0,8.0],"angle":45.0,"axis":"x"}},{"from":[22.99,-12.01,-0.01],"to":[25.01,26.01,16.01],"faces":{"east":{"uv":[1.625,6.5,3.625,11.25],"tintindex":0,"rotation":0,"texture":"#2"},"south":{"uv":[1.5,6.5,1.75,11.25],"tintindex":0,"rotation":0,"texture":"#2"},"north":{"uv":[3.5,6.5,3.75,11.25],"tintindex":0,"rotation":0,"texture":"#2"},"west":{"uv":[3.625,6.5,1.625,11.25],"tintindex":0,"rotation":0,"texture":"#2"}}},{"from":[19.3,-3.6499996,-9.0],"to":[30.75,7.700001,-7.0],"faces":{"east":{"uv":[3.75,8.125,3.5,9.625],"tintindex":0,"rotation":0,"texture":"#2"},"south":{"uv":[1.5,8.0,0.0,9.5],"tintindex":0,"rotation":0,"texture":"#2"},"north":{"uv":[0.0,8.125,1.375,9.5],"tintindex":0,"rotation":0,"texture":"#2"},"down":{"uv":[3.75,10.36875,3.5,9.0],"tintindex":0,"rotation":90,"texture":"#2"}},"rotation":{"origin":[8.0,19.0,-9.0],"angle":-45.0,"axis":"z"}},{"from":[2.3000002,13.349998,-9.0],"to":[13.75,24.7,-7.0],"faces":{"south":{"uv":[1.5,9.5,0.0,11.0],"tintindex":0,"rotation":0,"texture":"#2"},"north":{"uv":[0.0,9.5,1.5,11.0],"tintindex":0,"rotation":0,"texture":"#2"},"west":{"uv":[1.75,8.95,1.5,10.36875],"tintindex":0,"rotation":0,"texture":"#2"},"up":{"uv":[1.75,10.05625,1.5,8.625],"tintindex":0,"rotation":90,"texture":"#2"}},"rotation":{"origin":[8.0,19.0,-9.0],"angle":-45.0,"axis":"z"}},{"from":[-9.0,13.349998,2.25],"to":[-7.0,24.7,13.7],"faces":{"east":{"uv":[1.5,9.5,0.0,11.0],"tintindex":0,"rotation":0,"texture":"#2"},"south":{"uv":[1.75,8.95,1.5,10.36875],"tintindex":0,"rotation":0,"texture":"#2"},"west":{"uv":[0.0,9.5,1.5,11.0],"tintindex":0,"rotation":0,"texture":"#2"},"up":{"uv":[1.75,10.05625,1.5,8.625],"tintindex":0,"rotation":0,"texture":"#2"}},"rotation":{"origin":[-9.0,19.0,8.0],"angle":-45.0,"axis":"x"}},{"from":[-9.0,-3.6499996,-14.75],"to":[-7.0,7.700001,-3.3000002],"faces":{"east":{"uv":[1.5,8.0,0.0,9.5],"tintindex":0,"rotation":0,"texture":"#2"},"north":{"uv":[3.75,8.125,3.5,9.625],"tintindex":0,"rotation":0,"texture":"#2"},"west":{"uv":[0.0,8.125,1.375,9.5],"tintindex":0,"rotation":0,"texture":"#2"},"down":{"uv":[3.75,10.36875,3.5,9.0],"tintindex":0,"rotation":180,"texture":"#2"}},"rotation":{"origin":[-9.0,19.0,8.0],"angle":-45.0,"axis":"x"}}],"display":{"gui":{"rotation":[30,225,0]}}}