{"textures":{"1":"modelengine:entity/herald_of_light"},"elements":[{"from":[2.0,14.0,2.0],"to":[12.0,14.0,14.0],"faces":{"up":{"uv":[5.125,7.125,5.75,5.625],"tintindex":0,"rotation":0,"texture":"#1"},"down":{"uv":[5.125,5.625,5.75,7.125],"tintindex":0,"rotation":0,"texture":"#1"}}},{"from":[2.0,2.0,14.0],"to":[12.0,14.0,14.0],"faces":{"south":{"uv":[3.25,7.0,3.875,8.5],"tintindex":0,"rotation":0,"texture":"#1"},"north":{"uv":[3.875,7.0,3.25,8.5],"tintindex":0,"rotation":0,"texture":"#1"}}},{"from":[2.0,2.0,2.0],"to":[12.0,2.0,14.0],"faces":{"up":{"uv":[5.125,9.875,5.75,8.375],"tintindex":0,"rotation":0,"texture":"#1"},"down":{"uv":[5.125,8.375,5.75,9.875],"tintindex":0,"rotation":0,"texture":"#1"}}},{"from":[12.0,2.0,2.0],"to":[12.0,14.0,14.0],"faces":{"east":{"uv":[4.5625,7.0,3.8125,8.5],"tintindex":0,"rotation":0,"texture":"#1"},"west":{"uv":[4.5625,7.0,3.8125,8.5],"tintindex":0,"rotation":0,"texture":"#1"}}},{"from":[2.0,2.0,2.0],"to":[2.0,14.0,14.0],"faces":{"east":{"uv":[4.5,8.5,3.75,10.0],"tintindex":0,"rotation":0,"texture":"#1"},"west":{"uv":[4.5,8.5,3.75,10.0],"tintindex":0,"rotation":0,"texture":"#1"}}},{"from":[2.0,2.0,2.0],"to":[12.0,14.0,2.0],"faces":{"south":{"uv":[5.125,7.0,4.5,8.5],"tintindex":0,"rotation":0,"texture":"#1"},"north":{"uv":[4.5,7.0,5.125,8.5],"tintindex":0,"rotation":0,"texture":"#1"}}}],"display":{"gui":{"rotation":[30,225,0]}}}