{"textures":{"2":"modelengine:entity/herald_of_light_effects"},"elements":[{"from":[7.8366666,3.0,18.333334],"to":[7.8366666,8.0,29.666668],"faces":{"east":{"uv":[6.875,7.0,5.0,2.75],"tintindex":0,"rotation":90,"texture":"#2"},"west":{"uv":[6.875,2.75,5.0,7.0],"tintindex":0,"rotation":90,"texture":"#2"}},"rotation":{"origin":[8.0,8.0,18.333334],"angle":22.5,"axis":"x"}},{"from":[7.8333335,3.0,8.0],"to":[7.8333335,8.0,18.333334],"faces":{"east":{"uv":[6.875,10.625,5.0,6.75],"tintindex":0,"rotation":90,"texture":"#2"},"west":{"uv":[6.875,6.75,5.0,10.625],"tintindex":0,"rotation":90,"texture":"#2"}}}],"display":{"gui":{"rotation":[30,225,0]}}}