{"textures":{"2":"modelengine:entity/herald_of_light_effects"},"elements":[{"from":[7.75,5.5,7.625],"to":[8.25,11.5,8.375],"faces":{"east":{"uv":[14.625,13.0,15.0,16.0],"tintindex":0,"rotation":0,"texture":"#2"},"south":{"uv":[14.625,13.0,14.875,16.0],"tintindex":0,"rotation":0,"texture":"#2"},"north":{"uv":[14.625,13.0,14.875,16.0],"tintindex":0,"rotation":0,"texture":"#2"},"west":{"uv":[14.625,13.0,15.0,16.0],"tintindex":0,"rotation":0,"texture":"#2"}}},{"from":[7.875,11.5,7.375],"to":[8.125,27.5,8.625],"faces":{"east":{"uv":[15.0,8.0,15.625,16.0],"tintindex":0,"rotation":0,"texture":"#2"},"south":{"uv":[15.0,8.0,15.125,16.0],"tintindex":0,"rotation":0,"texture":"#2"},"north":{"uv":[15.0,8.0,15.125,16.0],"tintindex":0,"rotation":0,"texture":"#2"},"west":{"uv":[15.0,8.0,15.625,16.0],"tintindex":0,"rotation":0,"texture":"#2"},"up":{"uv":[15.0,8.0,15.125,8.625],"tintindex":0,"rotation":0,"texture":"#2"}}},{"from":[7.875,27.05,7.55],"to":[8.125,27.9375,8.4375],"faces":{"east":{"uv":[15.18125,7.375,15.625,7.81875],"tintindex":0,"rotation":0,"texture":"#2"},"south":{"uv":[15.18125,7.375,15.30625,7.81875],"tintindex":0,"rotation":0,"texture":"#2"},"north":{"uv":[15.18125,7.375,15.30625,7.81875],"tintindex":0,"rotation":0,"texture":"#2"},"west":{"uv":[15.18125,7.375,15.625,7.81875],"tintindex":0,"rotation":0,"texture":"#2"},"up":{"uv":[15.18125,7.375,15.30625,7.81875],"tintindex":0,"rotation":0,"texture":"#2"},"down":{"uv":[15.18125,7.375,15.30625,7.81875],"tintindex":0,"rotation":0,"texture":"#2"}},"rotation":{"origin":[8.125,27.5,8.0],"angle":-45.0,"axis":"x"}},{"from":[7.625,10.75,7.0],"to":[8.375,12.5,8.75],"faces":{"east":{"uv":[14.625,15.125,13.75,16.0],"tintindex":0,"rotation":0,"texture":"#2"},"south":{"uv":[13.375,15.125,13.75,16.0],"tintindex":0,"rotation":0,"texture":"#2"},"north":{"uv":[13.75,14.75,14.625,15.125],"tintindex":0,"rotation":90,"texture":"#2"},"west":{"uv":[13.75,15.125,14.625,16.0],"tintindex":0,"rotation":0,"texture":"#2"},"up":{"uv":[13.75,14.75,14.625,15.125],"tintindex":0,"rotation":90,"texture":"#2"},"down":{"uv":[13.375,16.0,13.75,15.125],"tintindex":0,"rotation":0,"texture":"#2"}},"rotation":{"origin":[8.125,11.5,8.0],"angle":45.0,"axis":"x"}},{"from":[7.625,6.25,12.0],"to":[8.375,7.5,13.25],"faces":{"east":{"uv":[14.625,14.125,14.0,14.75],"tintindex":0,"rotation":0,"texture":"#2"},"south":{"uv":[13.625,14.125,14.0,14.75],"tintindex":0,"rotation":0,"texture":"#2"},"north":{"uv":[14.0,13.75,14.625,14.125],"tintindex":0,"rotation":90,"texture":"#2"},"west":{"uv":[14.0,14.125,14.625,14.75],"tintindex":0,"rotation":0,"texture":"#2"},"up":{"uv":[14.0,13.75,14.625,14.125],"tintindex":0,"rotation":90,"texture":"#2"},"down":{"uv":[13.625,14.75,14.0,14.125],"tintindex":0,"rotation":0,"texture":"#2"}},"rotation":{"origin":[8.125,11.5,8.0],"angle":45.0,"axis":"x"}}],"display":{"gui":{"rotation":[30,225,0]}}}