{"textures":{"1":"modelengine:entity/herald_of_light"},"elements":[{"from":[8.0,6.0,1.5],"to":[22.0,16.0,15.5],"faces":{"east":{"uv":[16.0,14.75,15.125,16.0],"tintindex":0,"rotation":0,"texture":"#1"},"south":{"uv":[14.25,14.75,15.125,16.0],"tintindex":0,"rotation":0,"texture":"#1"},"north":{"uv":[15.125,14.75,14.25,16.0],"tintindex":0,"rotation":0,"texture":"#1"},"west":{"uv":[14.25,14.75,13.375,16.0],"tintindex":0,"rotation":0,"texture":"#1"},"up":{"uv":[13.375,14.75,14.25,13.0],"tintindex":0,"rotation":0,"texture":"#1"},"down":{"uv":[14.25,13.0,15.125,14.75],"tintindex":0,"rotation":0,"texture":"#1"}}},{"from":[22.0,6.0,1.5],"to":[27.0,11.0,15.5],"faces":{"east":{"uv":[14.5625,11.75,13.6875,12.375],"tintindex":0,"rotation":0,"texture":"#1"},"south":{"uv":[13.375,11.75,13.6875,12.375],"tintindex":0,"rotation":0,"texture":"#1"},"north":{"uv":[13.6875,11.75,13.375,12.375],"tintindex":0,"rotation":0,"texture":"#1"},"up":{"uv":[13.6875,11.75,14.5625,11.125],"tintindex":0,"rotation":90,"texture":"#1"},"down":{"uv":[13.6875,12.375,14.5625,13.0],"tintindex":0,"rotation":90,"texture":"#1"}}}],"display":{"gui":{"rotation":[30,225,0]}}}