{"textures":{"2":"modelengine:entity/herald_of_light_effects"},"elements":[{"from":[5.0,-12.6,12.0],"to":[8.0,5.799999,16.4],"faces":{"east":{"uv":[7.5,13.34375,6.0,16.0],"tintindex":0,"rotation":0,"texture":"#2"},"south":{"uv":[6.375,13.34375,6.0,16.0],"tintindex":0,"rotation":0,"texture":"#2"},"west":{"uv":[7.5,13.34375,6.0,16.0],"tintindex":0,"rotation":0,"texture":"#2"}},"rotation":{"origin":[8.0,-14.0,15.0],"angle":45.0,"axis":"x"}},{"from":[4.99,-14.01,-6.01],"to":[8.01,30.01,22.01],"faces":{"east":{"uv":[8.875,10.5,12.375,16.0],"tintindex":0,"rotation":0,"texture":"#2"},"west":{"uv":[8.875,10.5,12.375,16.0],"tintindex":0,"rotation":0,"texture":"#2"},"up":{"uv":[8.875,10.125,12.375,10.5],"tintindex":0,"rotation":90,"texture":"#2"},"down":{"uv":[8.875,10.125,12.375,10.5],"tintindex":0,"rotation":90,"texture":"#2"}}},{"from":[5.0,10.200001,12.0],"to":[8.0,28.599998,16.4],"faces":{"east":{"uv":[7.5,16.0,6.0,13.34375],"tintindex":0,"rotation":0,"texture":"#2"},"south":{"uv":[6.375,16.0,6.0,13.34375],"tintindex":0,"rotation":0,"texture":"#2"},"west":{"uv":[7.5,16.0,6.0,13.34375],"tintindex":0,"rotation":0,"texture":"#2"}},"rotation":{"origin":[8.0,30.0,15.0],"angle":-45.0,"axis":"x"}},{"from":[5.0,-12.6,-0.39999962],"to":[8.0,5.799999,4.0],"faces":{"east":{"uv":[6.0,13.34375,7.5,16.0],"tintindex":0,"rotation":0,"texture":"#2"},"north":{"uv":[6.0,13.34375,6.375,16.0],"tintindex":0,"rotation":0,"texture":"#2"},"west":{"uv":[6.0,13.34375,7.5,16.0],"tintindex":0,"rotation":0,"texture":"#2"}},"rotation":{"origin":[8.0,-14.0,1.0],"angle":-45.0,"axis":"x"}},{"from":[4.99,-14.01,-14.01],"to":[8.01,24.01,30.01],"faces":{"east":{"uv":[7.875,11.25,13.375,16.0],"tintindex":0,"rotation":0,"texture":"#2"},"south":{"uv":[7.5,11.25,7.875,16.0],"tintindex":0,"rotation":0,"texture":"#2"},"north":{"uv":[7.5,11.25,7.875,16.0],"tintindex":0,"rotation":0,"texture":"#2"},"west":{"uv":[7.875,11.25,13.375,16.0],"tintindex":0,"rotation":0,"texture":"#2"}}},{"from":[5.0,10.200001,-0.39999962],"to":[8.0,28.599998,4.0],"faces":{"east":{"uv":[6.0,16.0,7.5,13.34375],"tintindex":0,"rotation":0,"texture":"#2"},"north":{"uv":[6.0,16.0,6.375,13.34375],"tintindex":0,"rotation":0,"texture":"#2"},"west":{"uv":[6.0,16.0,7.5,13.34375],"tintindex":0,"rotation":0,"texture":"#2"}},"rotation":{"origin":[8.0,30.0,1.0],"angle":45.0,"axis":"x"}}],"display":{"gui":{"rotation":[30,225,0]}}}