{"textures":{"2":"modelengine:entity/herald_of_light_effects"},"elements":[{"from":[7.0,-4.5,7.25],"to":[8.0,20.5,8.75],"faces":{"east":{"uv":[15.625,3.5,16.0,16.0],"tintindex":0,"rotation":0,"texture":"#2"},"south":{"uv":[15.625,3.5,15.875,16.0],"tintindex":0,"rotation":0,"texture":"#2"},"north":{"uv":[15.625,3.5,15.875,16.0],"tintindex":0,"rotation":0,"texture":"#2"},"west":{"uv":[15.625,3.5,16.0,16.0],"tintindex":0,"rotation":0,"texture":"#2"}}},{"from":[7.245,20.495,7.245],"to":[7.755,22.505,8.755],"faces":{"east":{"uv":[15.5,12.75,15.875,13.75],"tintindex":0,"rotation":0,"texture":"#2"},"south":{"uv":[15.5,12.75,15.75,13.75],"tintindex":0,"rotation":0,"texture":"#2"},"north":{"uv":[15.5,12.75,15.75,13.75],"tintindex":0,"rotation":0,"texture":"#2"},"west":{"uv":[15.5,12.75,15.875,13.75],"tintindex":0,"rotation":0,"texture":"#2"}}},{"from":[7.25,21.725,9.125],"to":[7.75,26.225,10.125],"faces":{"east":{"uv":[15.0,7.375,15.25,8.5],"tintindex":0,"rotation":0,"texture":"#2"},"south":{"uv":[15.0,7.375,15.125,8.5],"tintindex":0,"rotation":0,"texture":"#2"},"west":{"uv":[15.0,7.375,15.25,8.5],"tintindex":0,"rotation":0,"texture":"#2"}},"rotation":{"origin":[7.5,21.75,10.125],"angle":-22.5,"axis":"x"}},{"from":[7.25,22.375,5.125],"to":[7.75,23.375,6.125],"faces":{"east":{"uv":[15.0,7.375,15.25,7.625],"tintindex":0,"rotation":0,"texture":"#2"},"south":{"uv":[15.0,7.375,15.125,7.625],"tintindex":0,"rotation":0,"texture":"#2"},"north":{"uv":[15.0,7.375,15.125,7.625],"tintindex":0,"rotation":0,"texture":"#2"},"west":{"uv":[15.0,7.375,15.25,7.625],"tintindex":0,"rotation":0,"texture":"#2"},"up":{"uv":[15.0,7.375,15.125,7.625],"tintindex":0,"rotation":0,"texture":"#2"},"down":{"uv":[15.0,7.375,15.125,7.625],"tintindex":0,"rotation":0,"texture":"#2"}},"rotation":{"origin":[7.5,20.5,8.0],"angle":45.0,"axis":"x"}},{"from":[7.25,19.875,5.625],"to":[7.75,22.875,8.625],"faces":{"east":{"uv":[14.875,6.625,15.625,7.375],"tintindex":0,"rotation":90,"texture":"#2"},"south":{"uv":[14.875,6.625,15.0,7.375],"tintindex":0,"rotation":0,"texture":"#2"},"north":{"uv":[14.875,6.625,15.0,7.375],"tintindex":0,"rotation":0,"texture":"#2"},"west":{"uv":[14.875,6.625,15.625,7.375],"tintindex":0,"rotation":0,"texture":"#2"},"up":{"uv":[14.875,6.625,15.0,7.375],"tintindex":0,"rotation":0,"texture":"#2"},"down":{"uv":[14.875,6.625,15.0,7.375],"tintindex":0,"rotation":0,"texture":"#2"}},"rotation":{"origin":[7.5,20.5,8.0],"angle":45.0,"axis":"x"}},{"from":[7.25,24.0,3.9],"to":[7.75,24.6,4.5],"faces":{"east":{"uv":[15.0,7.375,15.15,7.525],"tintindex":0,"rotation":0,"texture":"#2"},"south":{"uv":[15.0,7.375,15.125,7.525],"tintindex":0,"rotation":0,"texture":"#2"},"north":{"uv":[15.0,7.375,15.125,7.525],"tintindex":0,"rotation":0,"texture":"#2"},"west":{"uv":[15.0,7.375,15.15,7.525],"tintindex":0,"rotation":0,"texture":"#2"},"up":{"uv":[15.0,7.375,15.125,7.525],"tintindex":0,"rotation":0,"texture":"#2"},"down":{"uv":[15.0,7.375,15.125,7.525],"tintindex":0,"rotation":0,"texture":"#2"}},"rotation":{"origin":[7.5,20.5,8.0],"angle":45.0,"axis":"x"}},{"from":[7.25,21.725,5.875],"to":[7.75,26.225,6.875],"faces":{"east":{"uv":[15.25,7.375,15.0,8.5],"tintindex":0,"rotation":0,"texture":"#2"},"north":{"uv":[15.125,7.375,15.0,8.5],"tintindex":0,"rotation":0,"texture":"#2"},"west":{"uv":[15.25,7.375,15.0,8.5],"tintindex":0,"rotation":0,"texture":"#2"}},"rotation":{"origin":[7.5,21.75,5.875],"angle":22.5,"axis":"x"}}],"display":{"gui":{"rotation":[30,225,0]}}}